21-05:36:32.533 [VRB] [HEAP-TEL] boundary: -748 bytes (bma=130 phl=22)
21-05:36:32.538 [VRB] [HEAP-TEL] inbound: -1016 bytes (heap=34484 pin=2149 bma=130 phl=24 lt=0 revr=0)
21-05:36:32.542 [VRB] [HEAP-TEL] boundary: -744 bytes (bma=132 phl=24)
21-05:36:32.547 [VRB] [HEAP-TEL] inbound: -1020 bytes (heap=33916 pin=2150 bma=132 phl=26 lt=0 revr=0)
21-05:36:32.551 [VRB] [HEAP-TEL] boundary: -744 bytes (bma=134 phl=26)
21-05:36:32.556 [VRB] [HEAP-TEL] inbound: -1016 bytes (heap=33400 pin=2151 bma=134 phl=28 lt=0 revr=0)
21-05:36:32.558 [VRB] [HEAP-TEL] jobs: 588 bytes (heap=34792)
21-05:36:33.230 [VRB] [HEAP-TEL] boundary: -760 bytes (bma=130 phl=28)
21-05:36:33.235 [VRB] [HEAP-TEL] inbound: -1040 bytes (heap=33400 pin=2152 bma=130 phl=30 lt=0 revr=0)
21-05:36:33.311 [VRB] [HEAP-TEL] jobs: 204 bytes (heap=34408)
21-05:36:35.585 [VRB] [HEAP-TEL] boundary: -772 bytes (bma=130 phl=30)
21-05:36:35.590 [VRB] [HEAP-TEL] inbound: -1048 bytes (heap=33008 pin=2153 bma=130 phl=32 lt=0 revr=0)
21-05:36:37.146 [VRB] [HEAP-TEL] boundary: -744 bytes (bma=132 phl=32)
21-05:36:37.151 [VRB] [HEAP-TEL] inbound: -1188 bytes (heap=32272 pin=2155 bma=132 phl=34 lt=0 revr=0)
21-05:36:37.155 [VRB] [HEAP-TEL] boundary: -756 bytes (bma=134 phl=34)
21-05:36:37.160 [VRB] [HEAP-TEL] inbound: -1040 bytes (heap=31684 pin=2156 bma=134 phl=36 lt=0 revr=0)
21-05:36:37.325 [VRB] [HEAP-TEL] boundary: -720 bytes (bma=136 phl=36)
21-05:36:37.330 [VRB] [HEAP-TEL] inbound: -808 bytes (heap=31120 pin=2157 bma=136 phl=38 lt=0 revr=0)
21-05:36:37.334 [VRB] [HEAP-TEL] boundary: -748 bytes (bma=138 phl=38)
21-05:36:37.339 [VRB] [HEAP-TEL] inbound: -1180 bytes (heap=30392 pin=2158 bma=138 phl=40 lt=0 revr=0)
21-05:36:37.341 [VRB] [HEAP-TEL] jobs: 964 bytes (heap=32160)
21-05:36:37.428 [VRB] [HEAP-TEL] boundary: -752 bytes (bma=130 phl=40)
21-05:36:37.433 [VRB] [HEAP-TEL] inbound: -824 bytes (heap=30984 pin=2159 bma=130 phl=42 lt=0 revr=0)
21-05:36:37.480 [VRB] [HEAP-TEL] boundary: -788 bytes (bma=132 phl=42)
21-05:36:37.485 [VRB] [HEAP-TEL] inbound: -1056 bytes (heap=30172 pin=2160 bma=132 phl=44 lt=0 revr=0)
21-05:36:37.583 [VRB] [HEAP-TEL] boundary: -760 bytes (bma=134 phl=44)
21-05:36:37.588 [VRB] [HEAP-TEL] inbound: -1028 bytes (heap=29596 pin=2161 bma=134 phl=46 lt=0 revr=0)
21-05:36:37.593 [VRB] [HEAP-TEL] jobs: 592 bytes (heap=30992)
21-05:36:37.733 [VRB] [HEAP-TEL] boundary: -752 bytes (bma=130 phl=46)
21-05:36:37.738 [VRB] [HEAP-TEL] inbound: -1196 bytes (heap=29604 pin=2162 bma=130 phl=48 lt=0 revr=0)
21-05:36:37.742 [VRB] [HEAP-TEL] boundary: -760 bytes (bma=132 phl=48)
21-05:36:37.747 [VRB] [HEAP-TEL] inbound: -1028 bytes (heap=29076 pin=2163 bma=132 phl=50 lt=0 revr=0)
21-05:36:37.839 [VRB] [HEAP-TEL] boundary: -756 bytes (bma=134 phl=50)
21-05:36:37.845 [VRB] [HEAP-TEL] inbound: -1072 bytes (heap=28216 pin=2164 bma=134 phl=52 lt=0 revr=0)
21-05:36:37.849 [VRB] [HEAP-TEL] boundary: -768 bytes (bma=136 phl=52)
21-05:36:37.854 [VRB] [HEAP-TEL] inbound: -1036 bytes (heap=27688 pin=2165 bma=136 phl=54 lt=0 revr=0)
21-05:36:37.856 [VRB] [HEAP-TEL] jobs: 776 bytes (heap=29300)
21-05:36:38.039 [VRB] [HEAP-TEL] boundary: -744 bytes (bma=130 phl=54)
21-05:36:38.044 [VRB] [HEAP-TEL] inbound: -1176 bytes (heap=27736 pin=2166 bma=130 phl=56 lt=0 revr=0)
21-05:36:38.099 [VRB] [HEAP-TEL] boundary: -760 bytes (bma=132 phl=56)
21-05:36:38.104 [VRB] [HEAP-TEL] inbound: -1024 bytes (heap=27164 pin=2167 bma=132 phl=58 lt=0 revr=0)
21-05:36:38.107 [VRB] [HEAP-TEL] jobs: 380 bytes (heap=28384)
21-05:36:38.190 [VRB] [HEAP-TEL] boundary: -756 bytes (bma=130 phl=58)
21-05:36:38.194 [VRB] [HEAP-TEL] inbound: -1168 bytes (heap=26828 pin=2168 bma=130 phl=60 lt=0 revr=0)

[WATCHDOG] HEAP PRESSURE: 27668 < 28000 — shedding announce/cache state
21-05:36:38.372 [VRB] mem: 39184 (15%) [-1540] flash: 3477504 (98%) [0] paths: 3 dsts: 5 revr: 0 annc: 0 held: 0
21-05:36:38.373 [VRB] preqs: 924 dpreqs: 0 ppreqs: 0 dprt: 0 cdsts: 2 chshs: 2
21-05:36:38.374 [VRB] phl: 0 rcp: 0 lt: 0 pl: 0 al: 0 tun: 0
21-05:36:38.375 [VRB] bla: 0 bma: 130
21-05:36:38.376 [VRB] pin: 2168 pout: 1892 padd: 0 dpr: 2 ikd: 0 ia: 0

[WATCHDOG] Heap after shedding: 39184
[WATCHDOG] Heap recovered: 39184 > 34000 — restored steady-state caps
21-05:36:38.404 [VRB] [HEAP-TEL] jobs: 184 bytes (heap=39368)
21-05:36:38.757 [VRB] [HEAP-TEL] boundary: -744 bytes (bma=130 phl=0)
21-05:36:38.762 [VRB] [HEAP-TEL] inbound: -1008 bytes (heap=38216 pin=2169 bma=130 phl=2 lt=0 revr=0)
21-05:36:38.907 [VRB] [HEAP-TEL] jobs: 204 bytes (heap=39016)
21-05:36:39.372 [VRB] [HEAP-TEL] boundary: -744 bytes (bma=130 phl=2)
21-05:36:39.375 [VRB] [HEAP-TEL] inbound: -1020 bytes (heap=37644 pin=2170 bma=130 phl=4 lt=0 revr=0)
21-05:36:39.409 [VRB] [HEAP-TEL] jobs: 184 bytes (heap=38632)
21-05:36:39.781 [VRB] [HEAP-TEL] boundary: -744 bytes (bma=130 phl=4)
21-05:36:39.786 [VRB] [HEAP-TEL] inbound: -1184 bytes (heap=37096 pin=2171 bma=130 phl=6 lt=0 revr=0)
21-05:36:39.837 [VRB] [HEAP-TEL] boundary: -744 bytes (bma=132 phl=6)
21-05:36:39.842 [VRB] [HEAP-TEL] inbound: -1164 bytes (heap=36384 pin=2172 bma=132 phl=8 lt=0 revr=0)
21-05:36:39.911 [VRB] [HEAP-TEL] jobs: 368 bytes (heap=37556)
21-05:36:41.934 [VRB] [HEAP-TEL] boundary: -536 bytes (bma=130 phl=8)
21-05:36:41.939 [VRB] [HEAP-TEL] inbound: -808 bytes (heap=36188 pin=2174 bma=130 phl=10 lt=0 revr=0)
21-05:36:41.943 [VRB] [HEAP-TEL] boundary: -764 bytes (bma=132 phl=10)
21-05:36:41.948 [VRB] [HEAP-TEL] inbound: -1028 bytes (heap=35612 pin=2175 bma=132 phl=12 lt=0 revr=0)
21-05:36:42.170 [VRB] [HEAP-TEL] jobs: 368 bytes (heap=36784)
21-05:36:42.582 [VRB] [HEAP-TEL] boundary: -744 bytes (bma=130 phl=12)
21-05:36:42.588 [VRB] [HEAP-TEL] inbound: -1380 bytes (heap=35052 pin=2176 bma=130 phl=14 lt=0 revr=0)
21-05:36:42.653 [VRB] [HEAP-TEL] boundary: -764 bytes (bma=132 phl=14)
21-05:36:42.658 [VRB] [HEAP-TEL] inbound: -1028 bytes (heap=34684 pin=2177 bma=132 phl=16 lt=0 revr=0)
21-05:36:42.673 [VRB] [HEAP-TEL] jobs: 372 bytes (heap=35860)
21-05:36:42.706 [VRB] [HEAP-TEL] boundary: -752 bytes (bma=130 phl=16)
21-05:36:42.711 [VRB] [HEAP-TEL] inbound: -1168 bytes (heap=34548 pin=2178 bma=130 phl=18 lt=0 revr=0)
21-05:36:42.924 [VRB] [HEAP-TEL] jobs: 200 bytes (heap=35344)
21-05:36:43.774 [VRB] [HEAP-TEL] boundary: -752 bytes (bma=130 phl=18)
21-05:36:43.779 [VRB] [HEAP-TEL] inbound: -1184 bytes (heap=34016 pin=2180 bma=130 phl=20 lt=0 revr=0)
21-05:36:43.928 [VRB] [HEAP-TEL] jobs: 208 bytes (heap=34820)
21-05:36:44.115 [VRB] [HEAP-TEL] boundary: -756 bytes (bma=130 phl=20)
21-05:36:44.120 [VRB] [HEAP-TEL] inbound: -1196 bytes (heap=33480 pin=2181 bma=130 phl=22 lt=0 revr=0)
21-05:36:44.180 [VRB] [HEAP-TEL] jobs: 196 bytes (heap=34272)
21-05:36:44.919 [VRB] [HEAP-TEL] boundary: -744 bytes (bma=130 phl=22)
21-05:36:44.924 [VRB] [HEAP-TEL] inbound: -1180 bytes (heap=32740 pin=2182 bma=130 phl=24 lt=0 revr=0)
21-05:36:44.933 [VRB] [HEAP-TEL] jobs: 184 bytes (heap=33728)
21-05:36:46.130 [VRB] [HEAP-TEL] boundary: -744 bytes (bma=130 phl=24)
21-05:36:46.136 [VRB] [HEAP-TEL] inbound: -1020 bytes (heap=32356 pin=2183 bma=130 phl=26 lt=0 revr=0)
21-05:36:46.188 [VRB] [HEAP-TEL] jobs: 184 bytes (heap=33344)
21-05:36:46.541 [VRB] [HEAP-TEL] boundary: -744 bytes (bma=130 phl=26)
21-05:36:46.547 [VRB] [HEAP-TEL] inbound: -1020 bytes (heap=32180 pin=2184 bma=130 phl=28 lt=0 revr=0)
21-05:36:46.691 [VRB] [HEAP-TEL] jobs: 184 bytes (heap=32960)
21-05:36:46.757 [VRB] [HEAP-TEL] boundary: -744 bytes (bma=130 phl=28)
21-05:36:46.762 [VRB] [HEAP-TEL] inbound: -1164 bytes (heap=31444 pin=2185 bma=130 phl=30 lt=0 revr=0)
21-05:36:46.766 [VRB] [HEAP-TEL] boundary: -756 bytes (bma=132 phl=30)
21-05:36:46.771 [VRB] [HEAP-TEL] inbound: -1028 bytes (heap=30868 pin=2186 bma=132 phl=32 lt=0 revr=0)
21-05:36:46.943 [VRB] [HEAP-TEL] jobs: 376 bytes (heap=32048)
21-05:36:46.950 [VRB] [HEAP-TEL] boundary: -536 bytes (bma=130 phl=32)
21-05:36:46.955 [VRB] [HEAP-TEL] inbound: -952 bytes (heap=30536 pin=2187 bma=130 phl=34 lt=0 revr=0)
21-05:36:46.959 [VRB] [HEAP-TEL] boundary: -748 bytes (bma=132 phl=34)
21-05:36:46.964 [VRB] [HEAP-TEL] inbound: -1024 bytes (heap=29964 pin=2188 bma=132 phl=36 lt=0 revr=0)
21-05:36:47.051 [VRB] [HEAP-TEL] boundary: -756 bytes (bma=134 phl=36)
21-05:36:47.056 [VRB] [HEAP-TEL] inbound: -1036 bytes (heap=29588 pin=2189 bma=134 phl=38 lt=0 revr=0)
21-05:36:47.092 [VRB] [HEAP-TEL] boundary: -760 bytes (bma=136 phl=38)
21-05:36:47.097 [VRB] [HEAP-TEL] inbound: -1024 bytes (heap=28808 pin=2190 bma=136 phl=40 lt=0 revr=0)
21-05:36:47.194 [VRB] [HEAP-TEL] jobs: 764 bytes (heap=30384)
21-05:36:47.259 [VRB] [HEAP-TEL] boundary: -752 bytes (bma=130 phl=40)
21-05:36:47.264 [VRB] [HEAP-TEL] inbound: -1044 bytes (heap=28988 pin=2191 bma=130 phl=42 lt=0 revr=0)
21-05:36:47.359 [VRB] [HEAP-TEL] boundary: -752 bytes (bma=132 phl=42)
21-05:36:47.364 [VRB] [HEAP-TEL] inbound: -1172 bytes (heap=28268 pin=2192 bma=132 phl=44 lt=0 revr=0)
21-05:36:47.446 [VRB] [HEAP-TEL] jobs: 384 bytes (heap=29456)
21-05:36:48.795 [VRB] [HEAP-TEL] boundary: -776 bytes (bma=130 phl=44)
21-05:36:48.800 [VRB] [HEAP-TEL] inbound: -1056 bytes (heap=28048 pin=2193 bma=130 phl=46 lt=0 revr=0)
21-05:36:48.952 [VRB] [HEAP-TEL] jobs: 196 bytes (heap=29048)
21-05:36:49.101 [VRB] [HEAP-TEL] boundary: -776 bytes (bma=130 phl=46)
21-05:36:49.107 [VRB] [HEAP-TEL] inbound: -1060 bytes (heap=27636 pin=2194 bma=130 phl=48 lt=0 revr=0)
21-05:36:49.203 [VRB] [HEAP-TEL] jobs: 192 bytes (heap=28632)
21-05:36:49.932 [VRB] [HEAP-TEL] boundary: -768 bytes (bma=130 phl=48)
21-05:36:49.937 [VRB] [HEAP-TEL] inbound: -1196 bytes (heap=27092 pin=2195 bma=130 phl=50 lt=0 revr=0)

[WATCHDOG] HEAP PRESSURE: 27896 < 28000 — shedding announce/cache state
21-05:36:50.116 [VRB] mem: 37512 (14%) [-1672] flash: 3477504 (98%) [0] paths: 3 dsts: 5 revr: 0 annc: 0 held: 0
21-05:36:50.117 [VRB] preqs: 935 dpreqs: 0 ppreqs: 0 dprt: 0 cdsts: 2 chshs: 2
21-05:36:50.118 [VRB] phl: 0 rcp: 0 lt: 0 pl: 0 al: 0 tun: 0
21-05:36:50.119 [VRB] bla: 0 bma: 130
21-05:36:50.120 [VRB] pin: 2195 pout: 1917 padd: 0 dpr: 2 ikd: 0 ia: 0

[WATCHDOG] Heap after shedding: 37512
[WATCHDOG] Heap recovered: 37512 > 34000 — restored steady-state caps
21-05:36:50.148 [VRB] [HEAP-TEL] jobs: 184 bytes (heap=37696)
21-05:36:50.329 [VRB] [HEAP-TEL] boundary: -744 bytes (bma=130 phl=0)
21-05:36:50.334 [VRB] [HEAP-TEL] inbound: -1208 bytes (heap=36136 pin=2196 bma=130 phl=2 lt=0 revr=0)
21-05:36:50.338 [VRB] [HEAP-TEL] boundary: -744 bytes (bma=132 phl=2)
21-05:36:50.343 [VRB] [HEAP-TEL] inbound: -1028 bytes (heap=35600 pin=2197 bma=132 phl=4 lt=0 revr=0)
21-05:36:50.399 [VRB] [HEAP-TEL] jobs: 372 bytes (heap=36776)
21-05:36:50.840 [VRB] [HEAP-TEL] boundary: -744 bytes (bma=130 phl=4)
21-05:36:50.846 [VRB] [HEAP-TEL] inbound: -1164 bytes (heap=35260 pin=2199 bma=130 phl=6 lt=0 revr=0)
21-05:36:50.906 [VRB] [HEAP-TEL] jobs: 184 bytes (heap=36248)
21-05:36:51.153 [VRB] [HEAP-TEL] boundary: -748 bytes (bma=130 phl=6)
21-05:36:51.158 [VRB] [HEAP-TEL] inbound: -1024 bytes (heap=34872 pin=2200 bma=130 phl=8 lt=0 revr=0)
21-05:36:51.160 [VRB] [HEAP-TEL] jobs: 188 bytes (heap=35864)
21-05:36:51.764 [VRB] [HEAP-TEL] boundary: -748 bytes (bma=130 phl=8)
21-05:36:51.769 [VRB] [HEAP-TEL] inbound: -1024 bytes (heap=34488 pin=2201 bma=130 phl=10 lt=0 revr=0)
21-05:36:51.791 [VRB] [HEAP-TEL] boundary: -568 bytes (bma=132 phl=10)
21-05:36:51.796 [VRB] [HEAP-TEL] inbound: -996 bytes (heap=33736 pin=2202 bma=132 phl=12 lt=0 revr=0)
21-05:36:51.914 [VRB] [HEAP-TEL] jobs: 372 bytes (heap=34912)
21-05:36:51.965 [VRB] [HEAP-TEL] boundary: -756 bytes (bma=130 phl=12)
21-05:36:51.970 [VRB] [HEAP-TEL] inbound: -1176 bytes (heap=33384 pin=2203 bma=130 phl=14 lt=0 revr=0)
21-05:36:52.140 [VRB] [HEAP-TEL] boundary: -768 bytes (bma=132 phl=14)
21-05:36:52.145 [VRB] [HEAP-TEL] inbound: -1032 bytes (heap=33012 pin=2204 bma=132 phl=16 lt=0 revr=0)
21-05:36:52.222 [VRB] [HEAP-TEL] boundary: -780 bytes (bma=134 phl=16)
21-05:36:52.227 [VRB] [HEAP-TEL] inbound: -1048 bytes (heap=32232 pin=2206 bma=134 phl=18 lt=0 revr=0)
21-05:36:52.375 [VRB] [HEAP-TEL] boundary: -744 bytes (bma=136 phl=18)
21-05:36:52.380 [VRB] [HEAP-TEL] inbound: -812 bytes (heap=31872 pin=2207 bma=136 phl=20 lt=0 revr=0)
21-05:36:52.406 [VRB] [HEAP-TEL] boundary: -744 bytes (bma=138 phl=20)
21-05:36:52.411 [VRB] [HEAP-TEL] inbound: -1020 bytes (heap=31096 pin=2208 bma=138 phl=22 lt=0 revr=0)
21-05:36:52.428 [VRB] [HEAP-TEL] jobs: 976 bytes (heap=32876)
21-05:36:52.581 [VRB] [HEAP-TEL] boundary: -744 bytes (bma=130 phl=22)
21-05:36:52.586 [VRB] [HEAP-TEL] inbound: -1024 bytes (heap=31708 pin=2209 bma=130 phl=24 lt=0 revr=0)
21-05:36:52.609 [VRB] [HEAP-TEL] boundary: -768 bytes (bma=132 phl=24)
21-05:36:52.614 [VRB] [HEAP-TEL] inbound: -1044 bytes (heap=30908 pin=2210 bma=132 phl=26 lt=0 revr=0)
21-05:36:52.679 [VRB] [HEAP-TEL] jobs: 368 bytes (heap=32080)
21-05:36:52.793 [VRB] [HEAP-TEL] boundary: -744 bytes (bma=130 phl=26)
21-05:36:52.798 [VRB] [HEAP-TEL] inbound: -1016 bytes (heap=30712 pin=2211 bma=130 phl=28 lt=0 revr=0)
21-05:36:52.892 [VRB] [HEAP-TEL] boundary: -760 bytes (bma=132 phl=28)
21-05:36:52.897 [VRB] [HEAP-TEL] inbound: -1040 bytes (heap=30124 pin=2212 bma=132 phl=30 lt=0 revr=0)
21-05:36:52.931 [VRB] [HEAP-TEL] jobs: 376 bytes (heap=31304)
21-05:36:53.403 [VRB] [HEAP-TEL] boundary: -752 bytes (bma=130 phl=30)
21-05:36:53.408 [VRB] [HEAP-TEL] inbound: -1024 bytes (heap=30136 pin=2213 bma=130 phl=32 lt=0 revr=0)
21-05:36:53.434 [VRB] [HEAP-TEL] jobs: 208 bytes (heap=30940)
21-05:36:53.442 [VRB] [HEAP-TEL] boundary: -752 bytes (bma=130 phl=32)
21-05:36:53.447 [VRB] [HEAP-TEL] inbound: -808 bytes (heap=29780 pin=2214 bma=130 phl=34 lt=0 revr=0)
21-05:36:53.606 [VRB] [HEAP-TEL] boundary: -756 bytes (bma=132 phl=34)
21-05:36:53.611 [VRB] [HEAP-TEL] inbound: -780 bytes (heap=29036 pin=2215 bma=132 phl=36 lt=0 revr=0)
21-05:36:53.641 [VRB] [HEAP-TEL] boundary: -756 bytes (bma=134 phl=36)
21-05:36:53.646 [VRB] [HEAP-TEL] inbound: -1188 bytes (heap=28300 pin=2217 bma=134 phl=38 lt=0 revr=0)
21-05:36:53.686 [VRB] [HEAP-TEL] jobs: 576 bytes (heap=29484)
21-05:36:53.879 [VRB] [HEAP-TEL] boundary: -756 bytes (bma=130 phl=38)
21-05:36:53.884 [VRB] [HEAP-TEL] inbound: -1180 bytes (heap=27940 pin=2218 bma=130 phl=40 lt=0 revr=0)
21-05:36:53.938 [VRB] [HEAP-TEL] jobs: 184 bytes (heap=28944)
21-05:36:54.015 [VRB] [HEAP-TEL] boundary: -764 bytes (bma=130 phl=40)
21-05:36:54.020 [VRB] [HEAP-TEL] inbound: -1200 bytes (heap=27380 pin=2219 bma=130 phl=42 lt=0 revr=0)
21-05:36:54.189 [VRB] [HEAP-TEL] jobs: 184 bytes (heap=28380)
21-05:36:54.527 [VRB] [HEAP-TEL] boundary: -752 bytes (bma=130 phl=42)
21-05:36:54.532 [VRB] [HEAP-TEL] inbound: -1196 bytes (heap=27040 pin=2220 bma=130 phl=44 lt=0 revr=0)

[WATCHDOG] HEAP PRESSURE: 27640 < 28000 — shedding announce/cache state
21-05:36:54.713 [VRB] mem: 36064 (14%) [-1448] flash: 3477504 (98%) [0] paths: 3 dsts: 5 revr: 0 annc: 0 held: 0
21-05:36:54.714 [VRB] preqs: 944 dpreqs: 0 ppreqs: 0 dprt: 0 cdsts: 2 chshs: 2
21-05:36:54.715 [VRB] phl: 0 rcp: 0 lt: 0 pl: 0 al: 0 tun: 0
21-05:36:54.716 [VRB] bla: 0 bma: 130
21-05:36:54.717 [VRB] pin: 2220 pout: 1939 padd: 0 dpr: 2 ikd: 0 ia: 0

[WATCHDOG] Heap after shedding: 36064
[WATCHDOG] Heap recovered: 36064 > 34000 — restored steady-state caps
21-05:36:54.746 [VRB] [HEAP-TEL] jobs: 184 bytes (heap=36248)
21-05:36:55.962 [VRB] [HEAP-TEL] boundary: -744 bytes (bma=130 phl=0)
21-05:36:55.967 [VRB] [HEAP-TEL] inbound: -1024 bytes (heap=34872 pin=2222 bma=130 phl=2 lt=0 revr=0)
21-05:36:56.001 [VRB] [HEAP-TEL] jobs: 184 bytes (heap=35860)
21-05:36:56.473 [VRB] [HEAP-TEL] boundary: -748 bytes (bma=130 phl=2)
21-05:36:56.478 [VRB] [HEAP-TEL] inbound: -1012 bytes (heap=34496 pin=2223 bma=130 phl=4 lt=0 revr=0)
21-05:36:56.504 [VRB] [HEAP-TEL] jobs: 196 bytes (heap=35496)
21-05:36:56.642 [VRB] [HEAP-TEL] boundary: -744 bytes (bma=130 phl=4)
21-05:36:56.647 [VRB] [HEAP-TEL] inbound: -1160 bytes (heap=34192 pin=2224 bma=130 phl=6 lt=0 revr=0)
21-05:36:56.756 [VRB] [HEAP-TEL] jobs: 212 bytes (heap=34852)
21-05:36:56.932 [VRB] [HEAP-TEL] boundary: -752 bytes (bma=130 phl=6)
21-05:36:56.936 [VRB] [HEAP-TEL] inbound: -1032 bytes (heap=33616 pin=2225 bma=130 phl=8 lt=0 revr=0)
21-05:36:57.007 [VRB] [HEAP-TEL] jobs: 184 bytes (heap=34604)
21-05:36:57.420 [VRB] [HEAP-TEL] boundary: -764 bytes (bma=130 phl=8)
21-05:36:57.426 [VRB] [HEAP-TEL] inbound: -1072 bytes (heap=33180 pin=2226 bma=130 phl=10 lt=0 revr=0)
21-05:36:57.430 [VRB] [HEAP-TEL] boundary: -760 bytes (bma=132 phl=10)
21-05:36:57.435 [VRB] [HEAP-TEL] inbound: -1204 bytes (heap=32472 pin=2227 bma=132 phl=12 lt=0 revr=0)
21-05:36:57.510 [VRB] [HEAP-TEL] jobs: 384 bytes (heap=33664)
21-05:36:57.601 [VRB] [HEAP-TEL] boundary: -744 bytes (bma=130 phl=12)
21-05:36:57.606 [VRB] [HEAP-TEL] inbound: -1160 bytes (heap=32152 pin=2228 bma=130 phl=14 lt=0 revr=0)
21-05:36:57.670 [VRB] [HEAP-TEL] boundary: -744 bytes (bma=132 phl=14)
21-05:36:57.675 [VRB] [HEAP-TEL] inbound: -1160 bytes (heap=31444 pin=2229 bma=132 phl=16 lt=0 revr=0)
21-05:36:57.761 [VRB] [HEAP-TEL] jobs: 372 bytes (heap=32620)
21-05:36:57.805 [VRB] [HEAP-TEL] boundary: -764 bytes (bma=130 phl=16)
21-05:36:57.810 [VRB] [HEAP-TEL] inbound: -984 bytes (heap=31284 pin=2230 bma=130 phl=18 lt=0 revr=0)
21-05:36:57.818 [VRB] [HEAP-TEL] boundary: -752 bytes (bma=132 phl=18)
21-05:36:57.823 [VRB] [HEAP-TEL] inbound: -1024 bytes (heap=30508 pin=2231 bma=132 phl=20 lt=0 revr=0)
21-05:36:57.936 [VRB] [HEAP-TEL] boundary: -748 bytes (bma=134 phl=20)
21-05:36:57.941 [VRB] [HEAP-TEL] inbound: -1168 bytes (heap=29792 pin=2232 bma=134 phl=22 lt=0 revr=0)
21-05:36:58.013 [VRB] [HEAP-TEL] jobs: 584 bytes (heap=31180)
21-05:36:58.111 [VRB] [HEAP-TEL] boundary: -756 bytes (bma=130 phl=22)
21-05:36:58.116 [VRB] [HEAP-TEL] inbound: -1028 bytes (heap=30008 pin=2233 bma=130 phl=24 lt=0 revr=0)
21-05:36:58.264 [VRB] [HEAP-TEL] jobs: 184 bytes (heap=30788)
21-05:36:59.135 [VRB] [HEAP-TEL] boundary: -752 bytes (bma=130 phl=24)
21-05:36:59.140 [VRB] [HEAP-TEL] inbound: -1024 bytes (heap=29412 pin=2234 bma=130 phl=26 lt=0 revr=0)
21-05:36:59.268 [VRB] [HEAP-TEL] jobs: 188 bytes (heap=30404)
21-05:36:59.545 [VRB] [HEAP-TEL] boundary: -772 bytes (bma=130 phl=26)
21-05:36:59.550 [VRB] [HEAP-TEL] inbound: -1200 bytes (heap=29060 pin=2236 bma=130 phl=28 lt=0 revr=0)
21-05:36:59.770 [VRB] [HEAP-TEL] jobs: 200 bytes (heap=29856)
21-05:36:59.959 [VRB] [HEAP-TEL] boundary: -784 bytes (bma=130 phl=28)
21-05:36:59.964 [VRB] [HEAP-TEL] inbound: -1212 bytes (heap=28288 pin=2237 bma=130 phl=30 lt=0 revr=0)
21-05:37:00.022 [VRB] [HEAP-TEL] jobs: 184 bytes (heap=29280)
21-05:37:00.365 [VRB] [HEAP-TEL] boundary: -752 bytes (bma=130 phl=30)
21-05:37:00.370 [VRB] [HEAP-TEL] inbound: -1164 bytes (heap=27760 pin=2238 bma=130 phl=32 lt=0 revr=0)
21-05:37:00.525 [VRB] [HEAP-TEL] jobs: 196 bytes (heap=28764)
21-05:37:00.773 [VRB] [HEAP-TEL] boundary: -752 bytes (bma=130 phl=32)
21-05:37:00.778 [VRB] [HEAP-TEL] inbound: -1032 bytes (heap=27380 pin=2239 bma=130 phl=34 lt=0 revr=0)
21-05:37:00.780 [VRB] [HEAP-TEL] jobs: 196 bytes (heap=28380)
21-05:37:01.285 [VRB] [HEAP-TEL] boundary: -760 bytes (bma=130 phl=34)
21-05:37:01.290 [VRB] [HEAP-TEL] inbound: -1196 bytes (heap=27040 pin=2240 bma=130 phl=36 lt=0 revr=0)

[WATCHDOG] HEAP PRESSURE: 27636 < 28000 — shedding announce/cache state
21-05:37:01.471 [VRB] mem: 34572 (13%) [-1492] flash: 3477504 (98%) [0] paths: 3 dsts: 5 revr: 0 annc: 0 held: 0
21-05:37:01.472 [VRB] preqs: 954 dpreqs: 0 ppreqs: 0 dprt: 0 cdsts: 2 chshs: 2
21-05:37:01.473 [VRB] phl: 0 rcp: 0 lt: 0 pl: 0 al: 0 tun: 0
21-05:37:01.474 [VRB] bla: 0 bma: 130
21-05:37:01.475 [VRB] pin: 2240 pout: 1957 padd: 0 dpr: 2 ikd: 0 ia: 0

[WATCHDOG] Heap after shedding: 34532
[WATCHDOG] Heap recovered: 34532 > 34000 — restored steady-state caps
21-05:37:01.479 [VRB] [HEAP-TEL] boundary: -744 bytes (bma=132 phl=0)
21-05:37:01.485 [VRB] [HEAP-TEL] inbound: -1008 bytes (heap=33420 pin=2241 bma=132 phl=2 lt=0 revr=0)
21-05:37:01.533 [VRB] [HEAP-TEL] jobs: 368 bytes (heap=34384)
21-05:37:02.412 [VRB] [HEAP-TEL] boundary: -744 bytes (bma=130 phl=2)
21-05:37:02.417 [VRB] [HEAP-TEL] inbound: -1008 bytes (heap=33232 pin=2242 bma=130 phl=4 lt=0 revr=0)
21-05:37:02.434 [VRB] [HEAP-TEL] boundary: -748 bytes (bma=132 phl=4)
21-05:37:02.439 [VRB] [HEAP-TEL] inbound: -1172 bytes (heap=32304 pin=2243 bma=132 phl=6 lt=0 revr=0)
21-05:37:02.685 [VRB] [HEAP-TEL] boundary: -788 bytes (bma=134 phl=6)
21-05:37:02.690 [VRB] [HEAP-TEL] inbound: -1052 bytes (heap=31704 pin=2245 bma=134 phl=8 lt=0 revr=0)
21-05:37:02.789 [VRB] [HEAP-TEL] jobs: 552 bytes (heap=33064)
21-05:37:03.231 [VRB] [HEAP-TEL] boundary: -744 bytes (bma=130 phl=8)
21-05:37:03.236 [VRB] [HEAP-TEL] inbound: -1012 bytes (heap=31700 pin=2246 bma=130 phl=10 lt=0 revr=0)
21-05:37:03.292 [VRB] [HEAP-TEL] jobs: 204 bytes (heap=32708)
21-05:37:03.417 [VRB] [HEAP-TEL] boundary: -748 bytes (bma=130 phl=10)
21-05:37:03.422 [VRB] [HEAP-TEL] inbound: -1176 bytes (heap=31180 pin=2247 bma=130 phl=12 lt=0 revr=0)
21-05:37:03.543 [VRB] [HEAP-TEL] jobs: 184 bytes (heap=32168)
21-05:37:03.712 [VRB] [HEAP-TEL] boundary: -772 bytes (bma=130 phl=12)
21-05:37:03.717 [VRB] [HEAP-TEL] inbound: -1040 bytes (heap=30984 pin=2248 bma=130 phl=14 lt=0 revr=0)
21-05:37:03.794 [VRB] [HEAP-TEL] jobs: 184 bytes (heap=31764)
21-05:37:04.358 [VRB] [HEAP-TEL] boundary: -752 bytes (bma=130 phl=14)
21-05:37:04.363 [VRB] [HEAP-TEL] inbound: -1164 bytes (heap=30248 pin=2249 bma=130 phl=16 lt=0 revr=0)
21-05:37:04.548 [VRB] [HEAP-TEL] jobs: 188 bytes (heap=31240)
21-05:37:05.701 [VRB] [HEAP-TEL] boundary: -752 bytes (bma=130 phl=16)
21-05:37:05.706 [VRB] [HEAP-TEL] inbound: -1180 bytes (heap=29292 pin=2251 bma=130 phl=18 lt=0 revr=0)
21-05:37:05.726 [VRB] [HEAP-TEL] boundary: -748 bytes (bma=132 phl=18)
21-05:37:05.731 [VRB] [HEAP-TEL] inbound: -1180 bytes (heap=29188 pin=2252 bma=132 phl=20 lt=0 revr=0)
21-05:37:05.803 [VRB] [HEAP-TEL] jobs: 368 bytes (heap=30152)
21-05:37:07.430 [VRB] [HEAP-TEL] boundary: -748 bytes (bma=130 phl=20)
21-05:37:07.435 [VRB] [HEAP-TEL] inbound: -1016 bytes (heap=28992 pin=2253 bma=130 phl=22 lt=0 revr=0)
21-05:37:07.440 [VRB] [HEAP-TEL] boundary: -748 bytes (bma=132 phl=22)
21-05:37:07.445 [VRB] [HEAP-TEL] inbound: -1024 bytes (heap=28420 pin=2254 bma=132 phl=24 lt=0 revr=0)
21-05:37:07.561 [VRB] [HEAP-TEL] jobs: 368 bytes (heap=29384)
21-05:37:07.636 [VRB] [HEAP-TEL] boundary: -748 bytes (bma=130 phl=24)
21-05:37:07.641 [VRB] [HEAP-TEL] inbound: -1028 bytes (heap=28212 pin=2255 bma=130 phl=26 lt=0 revr=0)
21-05:37:07.812 [VRB] [HEAP-TEL] jobs: 184 bytes (heap=28992)
21-05:37:08.453 [VRB] [HEAP-TEL] boundary: -756 bytes (bma=130 phl=26)
21-05:37:08.458 [VRB] [HEAP-TEL] inbound: -1036 bytes (heap=27812 pin=2256 bma=130 phl=28 lt=0 revr=0)
21-05:37:08.470 [VRB] [HEAP-TEL] boundary: -756 bytes (bma=132 phl=28)
21-05:37:08.475 [VRB] [HEAP-TEL] inbound: -1184 bytes (heap=26880 pin=2257 bma=132 phl=30 lt=0 revr=0)

[WATCHDOG] HEAP PRESSURE: 27692 < 28000 — shedding announce/cache state
21-05:37:08.653 [VRB] mem: 33444 (13%) [-1128] flash: 3477504 (98%) [0] paths: 3 dsts: 5 revr: 0 annc: 0 held: 0
21-05:37:08.654 [VRB] preqs: 960 dpreqs: 0 ppreqs: 0 dprt: 0 cdsts: 2 chshs: 2
21-05:37:08.655 [VRB] phl: 0 rcp: 0 lt: 0 pl: 0 al: 0 tun: 0
21-05:37:08.656 [VRB] bla: 0 bma: 132
21-05:37:08.657 [VRB] pin: 2257 pout: 1972 padd: 0 dpr: 2 ikd: 0 ia: 0

[WATCHDOG] Heap after shedding: 33444
21-05:37:08.685 [VRB] [HEAP-TEL] jobs: 376 bytes (heap=33828)
21-05:37:08.970 [VRB] [HEAP-TEL] boundary: -744 bytes (bma=130 phl=0)
21-05:37:08.975 [VRB] [HEAP-TEL] inbound: -1164 bytes (heap=32312 pin=2258 bma=130 phl=2 lt=0 revr=0)
21-05:37:09.188 [VRB] [HEAP-TEL] jobs: 184 bytes (heap=33300)
21-05:37:09.784 [VRB] [HEAP-TEL] boundary: -744 bytes (bma=130 phl=2)
21-05:37:09.789 [VRB] [HEAP-TEL] inbound: -1168 bytes (heap=31988 pin=2259 bma=130 phl=4 lt=0 revr=0)
21-05:37:09.929 [VRB] [HEAP-TEL] boundary: -780 bytes (bma=132 phl=4)
21-05:37:09.934 [VRB] [HEAP-TEL] inbound: -1044 bytes (heap=31188 pin=2260 bma=132 phl=6 lt=0 revr=0)
21-05:37:09.942 [VRB] [HEAP-TEL] jobs: 368 bytes (heap=32360)
21-05:37:11.325 [VRB] [HEAP-TEL] boundary: -752 bytes (bma=130 phl=6)
21-05:37:11.330 [VRB] [HEAP-TEL] inbound: -1016 bytes (heap=30992 pin=2262 bma=130 phl=8 lt=0 revr=0)
21-05:37:11.334 [VRB] [HEAP-TEL] boundary: -760 bytes (bma=132 phl=8)
21-05:37:11.339 [VRB] [HEAP-TEL] inbound: -1028 bytes (heap=30416 pin=2263 bma=132 phl=10 lt=0 revr=0)
21-05:37:11.449 [VRB] [HEAP-TEL] jobs: 380 bytes (heap=31616)
21-05:37:11.969 [VRB] [HEAP-TEL] boundary: -752 bytes (bma=130 phl=10)
21-05:37:11.974 [VRB] [HEAP-TEL] inbound: -1020 bytes (heap=30244 pin=2265 bma=130 phl=12 lt=0 revr=0)
21-05:37:12.203 [VRB] [HEAP-TEL] jobs: 184 bytes (heap=31236)
21-05:37:12.243 [VRB] [HEAP-TEL] boundary: -764 bytes (bma=130 phl=12)
21-05:37:12.248 [VRB] [HEAP-TEL] inbound: -828 bytes (heap=29848 pin=2266 bma=130 phl=14 lt=0 revr=0)
21-05:37:12.252 [VRB] [HEAP-TEL] boundary: -752 bytes (bma=132 phl=14)
21-05:37:12.257 [VRB] [HEAP-TEL] inbound: -1200 bytes (heap=29104 pin=2267 bma=132 phl=16 lt=0 revr=0)
21-05:37:12.454 [VRB] [HEAP-TEL] jobs: 424 bytes (heap=30336)
21-05:37:12.875 [VRB] [HEAP-TEL] boundary: -760 bytes (bma=130 phl=16)
21-05:37:12.880 [VRB] [HEAP-TEL] inbound: -1032 bytes (heap=28952 pin=2268 bma=130 phl=18 lt=0 revr=0)
21-05:37:12.908 [VRB] [HEAP-TEL] boundary: -752 bytes (bma=132 phl=18)
21-05:37:12.914 [VRB] [HEAP-TEL] inbound: -1032 bytes (heap=28376 pin=2269 bma=132 phl=20 lt=0 revr=0)
21-05:37:12.957 [VRB] [HEAP-TEL] jobs: 380 bytes (heap=29564)
21-05:37:13.062 [VRB] [HEAP-TEL] boundary: -752 bytes (bma=130 phl=20)
21-05:37:13.068 [VRB] [HEAP-TEL] inbound: -1020 bytes (heap=27984 pin=2270 bma=130 phl=22 lt=0 revr=0)
21-05:37:13.072 [VRB] [HEAP-TEL] boundary: -776 bytes (bma=132 phl=22)
21-05:37:13.077 [VRB] [HEAP-TEL] inbound: -1052 bytes (heap=27384 pin=2271 bma=132 phl=24 lt=0 revr=0)
21-05:37:13.163 [VRB] [HEAP-TEL] boundary: -752 bytes (bma=134 phl=24)
21-05:37:13.168 [VRB] [HEAP-TEL] inbound: -1032 bytes (heap=27220 pin=2272 bma=134 phl=26 lt=0 revr=0)
21-05:37:13.208 [VRB] [HEAP-TEL] jobs: 556 bytes (heap=28376)
21-05:37:13.218 [VRB] [HEAP-TEL] boundary: -752 bytes (bma=130 phl=26)
21-05:37:13.223 [VRB] [HEAP-TEL] inbound: -1036 bytes (heap=27196 pin=2273 bma=130 phl=28 lt=0 revr=0)
21-05:37:13.375 [VRB] [HEAP-TEL] boundary: -752 bytes (bma=132 phl=28)
21-05:37:13.380 [VRB] [HEAP-TEL] inbound: -1024 bytes (heap=26416 pin=2274 bma=132 phl=30 lt=0 revr=0)
21-05:37:13.384 [VRB] [HEAP-TEL] boundary: -776 bytes (bma=134 phl=30)
21-05:37:13.389 [VRB] [HEAP-TEL] inbound: -1040 bytes (heap=25828 pin=2275 bma=134 phl=32 lt=0 revr=0)
21-05:37:13.419 [VRB] [HEAP-TEL] boundary: -764 bytes (bma=136 phl=32)
21-05:37:13.424 [VRB] [HEAP-TEL] inbound: -1032 bytes (heap=25456 pin=2276 bma=136 phl=34 lt=0 revr=0)
21-05:37:13.460 [VRB] [HEAP-TEL] jobs: 776 bytes (heap=26844)
21-05:37:13.493 [VRB] [HEAP-TEL] boundary: -752 bytes (bma=130 phl=34)
21-05:37:13.498 [VRB] [HEAP-TEL] inbound: -1024 bytes (heap=25428 pin=2277 bma=130 phl=36 lt=0 revr=0)
21-05:37:13.678 [VRB] [HEAP-TEL] boundary: -764 bytes (bma=132 phl=36)
21-05:37:13.683 [VRB] [HEAP-TEL] inbound: -1040 bytes (heap=25088 pin=2278 bma=132 phl=38 lt=0 revr=0)
21-05:37:13.711 [VRB] [HEAP-TEL] jobs: 404 bytes (heap=26092)
21-05:37:13.984 [VRB] [HEAP-TEL] boundary: -772 bytes (bma=130 phl=38)
21-05:37:13.989 [VRB] [HEAP-TEL] inbound: -1036 bytes (heap=24640 pin=2279 bma=130 phl=40 lt=0 revr=0)
21-05:37:15.111 [VRB] [HEAP-TEL] boundary: -540 bytes (bma=132 phl=40)
21-05:37:15.116 [VRB] [HEAP-TEL] inbound: -992 bytes (heap=23940 pin=2282 bma=132 phl=42 lt=0 revr=0)
21-05:37:15.120 [VRB] [HEAP-TEL] boundary: -768 bytes (bma=134 phl=42)
21-05:37:15.125 [VRB] [HEAP-TEL] inbound: -1040 bytes (heap=23356 pin=2283 bma=134 phl=44 lt=0 revr=0)
21-05:37:15.218 [VRB] [HEAP-TEL] jobs: 576 bytes (heap=24756)
21-05:37:15.319 [VRB] [HEAP-TEL] boundary: -760 bytes (bma=130 phl=44)
21-05:37:15.324 [VRB] [HEAP-TEL] inbound: -1188 bytes (heap=23216 pin=2284 bma=130 phl=46 lt=0 revr=0)
21-05:37:15.328 [VRB] [HEAP-TEL] boundary: -788 bytes (bma=132 phl=46)
21-05:37:15.334 [VRB] [HEAP-TEL] inbound: -1208 bytes (heap=22460 pin=2285 bma=132 phl=48 lt=0 revr=0)
21-05:37:15.338 [VRB] [HEAP-TEL] boundary: -772 bytes (bma=134 phl=48)
21-05:37:15.343 [VRB] [HEAP-TEL] inbound: -1188 bytes (heap=21764 pin=2286 bma=134 phl=50 lt=0 revr=0)
[WATCHDOG] HEAP SEVERE: 22568 < 24000 — trimming path-table caps
[WATCHDOG] Heap after trim: 32176 (path caps 8/4)
21-05:37:15.450 [VRB] [HEAP-TEL] boundary: -744 bytes (bma=136 phl=0)
21-05:37:15.455 [VRB] [HEAP-TEL] inbound: -1012 bytes (heap=31060 pin=2287 bma=136 phl=2 lt=0 revr=0)
21-05:37:15.485 [VRB] [HEAP-TEL] boundary: -748 bytes (bma=138 phl=2)
21-05:37:15.491 [VRB] [HEAP-TEL] inbound: -1188 bytes (heap=30116 pin=2288 bma=138 phl=4 lt=0 revr=0)
21-05:37:15.493 [VRB] [HEAP-TEL] jobs: 936 bytes (heap=31856)
21-05:37:15.627 [VRB] [HEAP-TEL] boundary: -744 bytes (bma=130 phl=4)
21-05:37:15.632 [VRB] [HEAP-TEL] inbound: -1012 bytes (heap=30284 pin=2289 bma=130 phl=6 lt=0 revr=0)
21-05:37:15.636 [VRB] [HEAP-TEL] boundary: -748 bytes (bma=132 phl=6)
21-05:37:15.641 [VRB] [HEAP-TEL] inbound: -1180 bytes (heap=29556 pin=2290 bma=132 phl=8 lt=0 revr=0)
21-05:37:15.695 [VRB] [HEAP-TEL] boundary: -780 bytes (bma=134 phl=8)
21-05:37:15.699 [VRB] [HEAP-TEL] inbound: -1216 bytes (heap=29000 pin=2291 bma=134 phl=10 lt=0 revr=0)
21-05:37:15.745 [VRB] [HEAP-TEL] jobs: 568 bytes (heap=30376)
21-05:37:15.840 [VRB] [HEAP-TEL] boundary: -772 bytes (bma=130 phl=10)
21-05:37:15.845 [VRB] [HEAP-TEL] inbound: -1196 bytes (heap=28828 pin=2292 bma=130 phl=12 lt=0 revr=0)
21-05:37:15.849 [VRB] [HEAP-TEL] boundary: -744 bytes (bma=132 phl=12)
21-05:37:15.854 [VRB] [HEAP-TEL] inbound: -1180 bytes (heap=28100 pin=2293 bma=132 phl=14 lt=0 revr=0)
21-05:37:15.934 [VRB] [HEAP-TEL] boundary: -516 bytes (bma=134 phl=14)
21-05:37:15.939 [VRB] [HEAP-TEL] inbound: -968 bytes (heap=27376 pin=2294 bma=134 phl=16 lt=0 revr=0)
21-05:37:16.006 [VRB] [HEAP-TEL] boundary: -760 bytes (bma=136 phl=16)
21-05:37:16.011 [VRB] [HEAP-TEL] inbound: -1040 bytes (heap=26788 pin=2295 bma=136 phl=18 lt=0 revr=0)
21-05:37:16.013 [VRB] [HEAP-TEL] jobs: 736 bytes (heap=28328)
21-05:37:16.195 [VRB] [HEAP-TEL] boundary: -744 bytes (bma=130 phl=18)
21-05:37:16.200 [VRB] [HEAP-TEL] inbound: -808 bytes (heap=26968 pin=2296 bma=130 phl=20 lt=0 revr=0)
21-05:37:16.204 [VRB] [HEAP-TEL] boundary: -752 bytes (bma=132 phl=20)
21-05:37:16.209 [VRB] [HEAP-TEL] inbound: -1188 bytes (heap=26232 pin=2297 bma=132 phl=22 lt=0 revr=0)
21-05:37:16.245 [VRB] [HEAP-TEL] boundary: -752 bytes (bma=134 phl=22)
21-05:37:16.250 [VRB] [HEAP-TEL] inbound: -1024 bytes (heap=25868 pin=2298 bma=134 phl=24 lt=0 revr=0)
21-05:37:16.265 [VRB] [HEAP-TEL] jobs: 576 bytes (heap=27044)
21-05:37:16.443 [VRB] [HEAP-TEL] boundary: -544 bytes (bma=130 phl=24)
21-05:37:16.449 [VRB] [HEAP-TEL] inbound: -964 bytes (heap=25520 pin=2299 bma=130 phl=26 lt=0 revr=0)
21-05:37:16.453 [VRB] [HEAP-TEL] boundary: -760 bytes (bma=132 phl=26)
21-05:37:16.458 [VRB] [HEAP-TEL] inbound: -1196 bytes (heap=24776 pin=2300 bma=132 phl=28 lt=0 revr=0)
21-05:37:16.517 [VRB] [HEAP-TEL] jobs: 368 bytes (heap=25952)
21-05:37:16.854 [VRB] [HEAP-TEL] boundary: -744 bytes (bma=130 phl=28)
21-05:37:16.859 [VRB] [HEAP-TEL] inbound: -1164 bytes (heap=24436 pin=2301 bma=130 phl=30 lt=0 revr=0)
21-05:37:17.019 [VRB] [HEAP-TEL] jobs: 184 bytes (heap=25424)
21-05:37:17.364 [VRB] [HEAP-TEL] boundary: -748 bytes (bma=130 phl=30)
21-05:37:17.370 [VRB] [HEAP-TEL] inbound: -1168 bytes (heap=23904 pin=2302 bma=130 phl=32 lt=0 revr=0)
21-05:37:17.384 [VRB] [HEAP-TEL] boundary: -744 bytes (bma=132 phl=32)
21-05:37:17.389 [VRB] [HEAP-TEL] inbound: -1008 bytes (heap=23348 pin=2303 bma=132 phl=34 lt=0 revr=0)
21-05:37:17.521 [VRB] [HEAP-TEL] jobs: 372 bytes (heap=24524)
21-05:37:17.569 [VRB] [HEAP-TEL] boundary: -540 bytes (bma=130 phl=34)
21-05:37:17.574 [VRB] [HEAP-TEL] inbound: -808 bytes (heap=23364 pin=2304 bma=130 phl=36 lt=0 revr=0)
21-05:37:17.578 [VRB] [HEAP-TEL] boundary: -772 bytes (bma=132 phl=36)
21-05:37:17.583 [VRB] [HEAP-TEL] inbound: -1048 bytes (heap=22772 pin=2305 bma=132 phl=38 lt=0 revr=0)
21-05:37:17.678 [VRB] [HEAP-TEL] boundary: -752 bytes (bma=134 phl=38)
21-05:37:17.683 [VRB] [HEAP-TEL] inbound: -1020 bytes (heap=22004 pin=2306 bma=134 phl=40 lt=0 revr=0)
21-05:37:17.772 [VRB] [HEAP-TEL] jobs: 584 bytes (heap=23404)
21-05:37:18.079 [VRB] [HEAP-TEL] boundary: -772 bytes (bma=130 phl=40)
21-05:37:18.084 [VRB] [HEAP-TEL] inbound: -1060 bytes (heap=22200 pin=2307 bma=130 phl=42 lt=0 revr=0)
21-05:37:18.198 [VRB] [HEAP-TEL] boundary: -760 bytes (bma=132 phl=42)
21-05:37:18.203 [VRB] [HEAP-TEL] inbound: -1024 bytes (heap=21408 pin=2308 bma=132 phl=44 lt=0 revr=0)
21-05:37:18.243 [VRB] [HEAP-TEL] boundary: -760 bytes (bma=134 phl=44)
21-05:37:18.248 [VRB] [HEAP-TEL] inbound: -1024 bytes (heap=21056 pin=2309 bma=134 phl=46 lt=0 revr=0)
21-05:37:18.275 [VRB] [HEAP-TEL] jobs: 572 bytes (heap=22236)
21-05:37:20.229 [VRB] [HEAP-TEL] boundary: -764 bytes (bma=130 phl=46)
21-05:37:20.235 [VRB] [HEAP-TEL] inbound: -1184 bytes (heap=20700 pin=2310 bma=130 phl=48 lt=0 revr=0)
21-05:37:20.284 [VRB] [HEAP-TEL] jobs: 184 bytes (heap=21688)
21-05:37:20.435 [VRB] [HEAP-TEL] boundary: -776 bytes (bma=130 phl=48)
21-05:37:20.440 [VRB] [HEAP-TEL] inbound: -1200 bytes (heap=19928 pin=2311 bma=130 phl=50 lt=0 revr=0)
21-05:37:20.535 [VRB] [HEAP-TEL] jobs: 184 bytes (heap=21124)
21-05:37:20.850 [VRB] [HEAP-TEL] boundary: -768 bytes (bma=130 phl=50)
21-05:37:20.855 [VRB] [HEAP-TEL] inbound: -1184 bytes (heap=19576 pin=2312 bma=130 phl=52 lt=0 revr=0)
21-05:37:20.875 [VRB] [HEAP-TEL] boundary: -756 bytes (bma=132 phl=52)
21-05:37:20.880 [VRB] [HEAP-TEL] inbound: -1172 bytes (heap=18864 pin=2314 bma=132 phl=54 lt=0 revr=0)
[WATCHDOG] Heap recovered to 30016 after emergency relief
21-05:37:21.038 [VRB] [HEAP-TEL] jobs: 372 bytes (heap=30388)
21-05:37:21.154 [VRB] [HEAP-TEL] boundary: -744 bytes (bma=130 phl=0)
21-05:37:21.159 [VRB] [HEAP-TEL] inbound: -1012 bytes (heap=29232 pin=2315 bma=130 phl=2 lt=0 revr=0)
21-05:37:21.766 [VRB] [HEAP-TEL] boundary: -744 bytes (bma=132 phl=2)
21-05:37:21.771 [VRB] [HEAP-TEL] inbound: -1012 bytes (heap=28464 pin=2319 bma=132 phl=4 lt=0 revr=0)
21-05:37:21.791 [VRB] [HEAP-TEL] jobs: 392 bytes (heap=29660)
[TcpIF] Connecting to rns.beleth.net:4242 (cached IP)...
[TcpIF] Cached IP failed, retrying with DNS
[TcpIF] Connecting to rns.beleth.net:4242 (DNS)...
[TcpIF] Resolved rns.beleth.net -> 129.213.74.184
[TcpIF] Failed to connect to rns.beleth.net:4242 (attempt 8, next retry in 120s)
21-05:37:34.241 [VRB] [HEAP-TEL] boundary: -744 bytes (bma=130 phl=4)
21-05:37:34.246 [VRB] [HEAP-TEL] inbound: -1012 bytes (heap=28248 pin=2321 bma=130 phl=6 lt=0 revr=0)
21-05:37:34.250 [VRB] [HEAP-TEL] boundary: -752 bytes (bma=132 phl=6)
21-05:37:34.255 [VRB] [HEAP-TEL] inbound: -1180 bytes (heap=27520 pin=2322 bma=132 phl=8 lt=0 revr=0)
21-05:37:34.259 [VRB] [HEAP-TEL] boundary: -788 bytes (bma=134 phl=8)
21-05:37:34.264 [VRB] [HEAP-TEL] inbound: -1052 bytes (heap=26920 pin=2323 bma=134 phl=10 lt=0 revr=0)
21-05:37:34.268 [VRB] [HEAP-TEL] boundary: -768 bytes (bma=136 phl=10)
21-05:37:34.273 [VRB] [HEAP-TEL] inbound: -1036 bytes (heap=26340 pin=2324 bma=136 phl=12 lt=0 revr=0)
21-05:37:34.277 [VRB] [HEAP-TEL] boundary: -768 bytes (bma=138 phl=12)
21-05:37:34.282 [VRB] [HEAP-TEL] inbound: -1040 bytes (heap=25760 pin=2325 bma=138 phl=14 lt=0 revr=0)
21-05:37:34.286 [VRB] [HEAP-TEL] boundary: -756 bytes (bma=140 phl=14)
21-05:37:34.291 [VRB] [HEAP-TEL] inbound: -1032 bytes (heap=25192 pin=2326 bma=140 phl=16 lt=0 revr=0)
21-05:37:34.384 [VRB] mem: 27128 (10%) [-6316] flash: 3477504 (98%) [0] paths: 3 dsts: 5 revr: 0 annc: 0 held: 0
21-05:37:34.385 [VRB] preqs: 983 dpreqs: 0 ppreqs: 0 dprt: 8 cdsts: 2 chshs: 2
21-05:37:34.386 [VRB] phl: 16 rcp: 0 lt: 0 pl: 0 al: 0 tun: 0
21-05:37:34.387 [VRB] bla: 0 bma: 128
21-05:37:34.388 [VRB] pin: 2326 pout: 2032 padd: 0 dpr: 2 ikd: 0 ia: 0

21-05:37:34.389 [VRB] [HEAP-TEL] jobs: 1132 bytes (heap=27128)
21-05:37:40.711 [VRB] [HEAP-TEL] boundary: -744 bytes (bma=130 phl=16)
21-05:37:40.716 [VRB] [HEAP-TEL] inbound: -1016 bytes (heap=25808 pin=2328 bma=130 phl=18 lt=0 revr=0)
21-05:37:40.720 [VRB] [HEAP-TEL] boundary: -772 bytes (bma=132 phl=18)
21-05:37:40.725 [VRB] [HEAP-TEL] inbound: -1048 bytes (heap=25212 pin=2329 bma=132 phl=20 lt=0 revr=0)
21-05:37:40.941 [VRB] [HEAP-TEL] jobs: 368 bytes (heap=26384)
21-05:37:41.127 [VRB] [HEAP-TEL] boundary: -744 bytes (bma=130 phl=20)
21-05:37:41.133 [VRB] [HEAP-TEL] inbound: -948 bytes (heap=24828 pin=2330 bma=130 phl=22 lt=0 revr=0)
21-05:37:41.137 [VRB] [HEAP-TEL] boundary: -760 bytes (bma=132 phl=22)
21-05:37:41.142 [VRB] [HEAP-TEL] inbound: -1032 bytes (heap=24248 pin=2331 bma=132 phl=24 lt=0 revr=0)
21-05:37:41.146 [VRB] [HEAP-TEL] boundary: -772 bytes (bma=134 phl=24)
21-05:37:41.151 [VRB] [HEAP-TEL] inbound: -1192 bytes (heap=23524 pin=2332 bma=134 phl=26 lt=0 revr=0)
21-05:37:41.155 [VRB] [HEAP-TEL] boundary: -744 bytes (bma=136 phl=26)
21-05:37:41.160 [VRB] [HEAP-TEL] inbound: -1168 bytes (heap=22808 pin=2333 bma=136 phl=28 lt=0 revr=0)
21-05:37:41.164 [VRB] [HEAP-TEL] boundary: -748 bytes (bma=138 phl=28)
21-05:37:41.169 [VRB] [HEAP-TEL] inbound: -1180 bytes (heap=22080 pin=2334 bma=138 phl=30 lt=0 revr=0)
21-05:37:41.173 [VRB] [HEAP-TEL] boundary: -756 bytes (bma=140 phl=30)
21-05:37:41.178 [VRB] [HEAP-TEL] inbound: -1188 bytes (heap=21344 pin=2335 bma=140 phl=32 lt=0 revr=0)
21-05:37:41.182 [VRB] [HEAP-TEL] boundary: -764 bytes (bma=142 phl=32)
21-05:37:41.187 [VRB] [HEAP-TEL] inbound: -1028 bytes (heap=20776 pin=2336 bma=142 phl=34 lt=0 revr=0)
21-05:37:41.191 [VRB] [HEAP-TEL] boundary: -772 bytes (bma=144 phl=34)
21-05:37:41.196 [VRB] [HEAP-TEL] inbound: -1196 bytes (heap=20040 pin=2337 bma=144 phl=36 lt=0 revr=0)
21-05:37:41.200 [VRB] [HEAP-TEL] boundary: -776 bytes (bma=146 phl=36)
21-05:37:41.205 [VRB] [HEAP-TEL] inbound: -1048 bytes (heap=19448 pin=2338 bma=146 phl=38 lt=0 revr=0)
21-05:37:41.210 [VRB] [HEAP-TEL] boundary: -756 bytes (bma=148 phl=38)
21-05:37:41.215 [VRB] [HEAP-TEL] inbound: -1200 bytes (heap=18708 pin=2339 bma=148 phl=40 lt=0 revr=0)
21-05:37:41.219 [VRB] [HEAP-TEL] boundary: -752 bytes (bma=150 phl=40)
21-05:37:41.224 [VRB] [HEAP-TEL] inbound: -1168 bytes (heap=17996 pin=2340 bma=150 phl=42 lt=0 revr=0)
21-05:37:41.233 [VRB] [HEAP-TEL] boundary: -760 bytes (bma=152 phl=42)
21-05:37:41.238 [VRB] [HEAP-TEL] inbound: -1184 bytes (heap=17268 pin=2342 bma=152 phl=44 lt=0 revr=0)
21-05:37:41.242 [VRB] [HEAP-TEL] boundary: -748 bytes (bma=154 phl=44)
21-05:37:41.247 [VRB] [HEAP-TEL] inbound: -1164 bytes (heap=16560 pin=2343 bma=154 phl=46 lt=0 revr=0)
21-05:37:41.252 [VRB] [HEAP-TEL] boundary: -748 bytes (bma=156 phl=46)
21-05:37:41.258 [VRB] [HEAP-TEL] inbound: -1012 bytes (heap=16000 pin=2344 bma=156 phl=48 lt=0 revr=0)
21-05:37:41.262 [VRB] [HEAP-TEL] boundary: -752 bytes (bma=158 phl=48)
21-05:37:41.268 [VRB] [HEAP-TEL] inbound: -1172 bytes (heap=15284 pin=2345 bma=158 phl=50 lt=0 revr=0)
21-05:37:41.272 [VRB] [HEAP-TEL] boundary: -756 bytes (bma=160 phl=50)
21-05:37:41.278 [VRB] [HEAP-TEL] inbound: -1020 bytes (heap=14720 pin=2346 bma=160 phl=52 lt=0 revr=0)
21-05:37:41.282 [VRB] [HEAP-TEL] boundary: -752 bytes (bma=162 phl=52)
21-05:37:41.288 [VRB] [HEAP-TEL] inbound: -1176 bytes (heap=14000 pin=2347 bma=162 phl=54 lt=0 revr=0)
21-05:37:41.292 [VRB] [HEAP-TEL] boundary: -756 bytes (bma=164 phl=54)
21-05:37:41.299 [VRB] [HEAP-TEL] inbound: -1180 bytes (heap=13320 pin=2348 bma=164 phl=56 lt=0 revr=0)
21-05:37:41.303 [VRB] [HEAP-TEL] boundary: -756 bytes (bma=166 phl=56)
21-05:37:41.309 [VRB] [HEAP-TEL] inbound: -1020 bytes (heap=12752 pin=2349 bma=166 phl=58 lt=0 revr=0)
21-05:37:41.313 [VRB] [HEAP-TEL] boundary: -760 bytes (bma=168 phl=58)
21-05:37:41.319 [VRB] [HEAP-TEL] inbound: -1188 bytes (heap=12024 pin=2350 bma=168 phl=60 lt=0 revr=0)
21-05:37:41.323 [VRB] [HEAP-TEL] boundary: -752 bytes (bma=170 phl=60)
21-05:37:41.329 [VRB] [HEAP-TEL] inbound: -1016 bytes (heap=11468 pin=2351 bma=170 phl=62 lt=0 revr=0)
21-05:37:41.333 [VRB] [HEAP-TEL] boundary: -748 bytes (bma=172 phl=62)
21-05:37:41.339 [VRB] [HEAP-TEL] inbound: -1180 bytes (heap=10740 pin=2352 bma=172 phl=64 lt=0 revr=0)
21-05:37:41.343 [VRB] [HEAP-TEL] boundary: -744 bytes (bma=174 phl=64)
21-05:37:41.349 [VRB] [HEAP-TEL] inbound: -900 bytes (heap=10292 pin=2353 bma=174 phl=66 lt=0 revr=0)
21-05:37:41.353 [VRB] [HEAP-TEL] boundary: -748 bytes (bma=176 phl=66)
21-05:37:41.359 [VRB] [HEAP-TEL] inbound: -904 bytes (heap=9840 pin=2354 bma=176 phl=68 lt=0 revr=0)
21-05:37:41.363 [VRB] [HEAP-TEL] boundary: -776 bytes (bma=178 phl=68)
21-05:37:41.369 [VRB] [HEAP-TEL] inbound: -932 bytes (heap=9360 pin=2355 bma=178 phl=70 lt=0 revr=0)
21-05:37:41.373 [VRB] [HEAP-TEL] boundary: -700 bytes (bma=180 phl=70)
21-05:37:41.379 [VRB] [HEAP-TEL] inbound: -700 bytes (heap=9124 pin=2356 bma=180 phl=72 lt=0 revr=0)
21-05:37:41.383 [VRB] [HEAP-TEL] boundary: -620 bytes (bma=182 phl=72)
21-05:37:41.389 [VRB] [HEAP-TEL] inbound: -680 bytes (heap=8896 pin=2357 bma=182 phl=74 lt=0 revr=0)
21-05:37:41.393 [VRB] [HEAP-TEL] boundary: -452 bytes (bma=184 phl=74)
21-05:37:41.399 [VRB] [HEAP-TEL] inbound: -452 bytes (heap=8896 pin=2358 bma=184 phl=76 lt=0 revr=0)
21-05:37:41.403 [VRB] [HEAP-TEL] boundary: -360 bytes (bma=186 phl=76)
21-05:37:41.411 [VRB] [HEAP-TEL] inbound: -360 bytes (heap=8896 pin=2359 bma=186 phl=78 lt=0 revr=0)
21-05:37:41.415 [VRB] [HEAP-TEL] boundary: -328 bytes (bma=188 phl=78)
21-05:37:41.421 [VRB] [HEAP-TEL] inbound: -328 bytes (heap=8896 pin=2360 bma=188 phl=80 lt=0 revr=0)
21-05:37:41.425 [VRB] [HEAP-TEL] boundary: -328 bytes (bma=190 phl=80)
21-05:37:41.431 [VRB] [HEAP-TEL] inbound: -328 bytes (heap=8896 pin=2361 bma=190 phl=82 lt=0 revr=0)
21-05:37:41.439 [VRB] [HEAP-TEL] boundary: -328 bytes (bma=192 phl=82)
21-05:37:41.446 [VRB] [HEAP-TEL] inbound: -328 bytes (heap=8896 pin=2363 bma=192 phl=84 lt=0 revr=0)
21-05:37:41.449 [VRB] [HEAP-TEL] jobs: 7144 bytes (heap=16720)
[WATCHDOG] Heap recovered to 28652 after emergency relief
21-05:37:41.569 [VRB] [HEAP-TEL] boundary: -744 bytes (bma=130 phl=0)
21-05:37:41.574 [VRB] [HEAP-TEL] inbound: -1156 bytes (heap=27432 pin=2364 bma=130 phl=2 lt=0 revr=0)
21-05:37:41.578 [VRB] [HEAP-TEL] boundary: -744 bytes (bma=132 phl=2)
21-05:37:41.583 [VRB] [HEAP-TEL] inbound: -1156 bytes (heap=26728 pin=2365 bma=132 phl=4 lt=0 revr=0)
21-05:37:41.587 [VRB] [HEAP-TEL] boundary: -744 bytes (bma=134 phl=4)
21-05:37:41.592 [VRB] [HEAP-TEL] inbound: -1160 bytes (heap=26020 pin=2366 bma=134 phl=6 lt=0 revr=0)
21-05:37:41.596 [VRB] [HEAP-TEL] boundary: -744 bytes (bma=136 phl=6)
21-05:37:41.601 [VRB] [HEAP-TEL] inbound: -1164 bytes (heap=25308 pin=2367 bma=136 phl=8 lt=0 revr=0)
21-05:37:41.605 [VRB] [HEAP-TEL] boundary: -744 bytes (bma=138 phl=8)
21-05:37:41.610 [VRB] [HEAP-TEL] inbound: -1012 bytes (heap=24748 pin=2368 bma=138 phl=10 lt=0 revr=0)
21-05:37:41.614 [VRB] [HEAP-TEL] boundary: -748 bytes (bma=140 phl=10)
21-05:37:41.619 [VRB] [HEAP-TEL] inbound: -1160 bytes (heap=24040 pin=2369 bma=140 phl=12 lt=0 revr=0)
21-05:37:41.623 [VRB] [HEAP-TEL] boundary: -752 bytes (bma=142 phl=12)
21-05:37:41.629 [VRB] [HEAP-TEL] inbound: -1268 bytes (heap=23224 pin=2370 bma=142 phl=14 lt=0 revr=0)
21-05:37:41.633 [VRB] [HEAP-TEL] boundary: -756 bytes (bma=144 phl=14)
21-05:37:41.638 [VRB] [HEAP-TEL] inbound: -1024 bytes (heap=22864 pin=2371 bma=144 phl=16 lt=0 revr=0)
21-05:37:41.642 [VRB] [HEAP-TEL] boundary: -764 bytes (bma=146 phl=16)
21-05:37:41.647 [VRB] [HEAP-TEL] inbound: -1040 bytes (heap=22280 pin=2372 bma=146 phl=18 lt=0 revr=0)
21-05:37:41.651 [VRB] [HEAP-TEL] boundary: -788 bytes (bma=148 phl=18)
21-05:37:41.656 [VRB] [HEAP-TEL] inbound: -1052 bytes (heap=21684 pin=2373 bma=148 phl=20 lt=0 revr=0)
21-05:37:41.660 [VRB] [HEAP-TEL] boundary: -776 bytes (bma=150 phl=20)
21-05:37:41.665 [VRB] [HEAP-TEL] inbound: -1044 bytes (heap=21096 pin=2374 bma=150 phl=22 lt=0 revr=0)
21-05:37:41.669 [VRB] [HEAP-TEL] boundary: -780 bytes (bma=152 phl=22)
21-05:37:41.674 [VRB] [HEAP-TEL] inbound: -1052 bytes (heap=20512 pin=2375 bma=152 phl=24 lt=0 revr=0)
21-05:37:41.682 [VRB] [HEAP-TEL] boundary: -768 bytes (bma=154 phl=24)
21-05:37:41.687 [VRB] [HEAP-TEL] inbound: -1052 bytes (heap=19924 pin=2377 bma=154 phl=26 lt=0 revr=0)
21-05:37:41.691 [VRB] [HEAP-TEL] boundary: -748 bytes (bma=156 phl=26)
21-05:37:41.696 [VRB] [HEAP-TEL] inbound: -1180 bytes (heap=19196 pin=2378 bma=156 phl=28 lt=0 revr=0)
21-05:37:41.700 [VRB] [HEAP-TEL] boundary: -748 bytes (bma=158 phl=28)
21-05:37:41.705 [VRB] [HEAP-TEL] inbound: -1164 bytes (heap=18484 pin=2379 bma=158 phl=30 lt=0 revr=0)
21-05:37:41.733 [VRB] [HEAP-TEL] jobs: 2824 bytes (heap=21904)
21-05:37:42.043 [VRB] [HEAP-TEL] boundary: -744 bytes (bma=130 phl=30)
21-05:37:42.048 [VRB] [HEAP-TEL] inbound: -1160 bytes (heap=20400 pin=2380 bma=130 phl=32 lt=0 revr=0)
21-05:37:42.145 [VRB] [HEAP-TEL] boundary: -744 bytes (bma=132 phl=32)
21-05:37:42.150 [VRB] [HEAP-TEL] inbound: -1168 bytes (heap=19684 pin=2381 bma=132 phl=34 lt=0 revr=0)
21-05:37:42.244 [VRB] [HEAP-TEL] jobs: 436 bytes (heap=20852)
21-05:37:42.247 [VRB] [HEAP-TEL] boundary: -748 bytes (bma=130 phl=34)
21-05:37:42.252 [VRB] [HEAP-TEL] inbound: -1180 bytes (heap=19568 pin=2382 bma=130 phl=36 lt=0 revr=0)
21-05:37:42.455 [VRB] [HEAP-TEL] boundary: -756 bytes (bma=132 phl=36)
21-05:37:42.460 [VRB] [HEAP-TEL] inbound: -984 bytes (heap=18620 pin=2383 bma=132 phl=38 lt=0 revr=0)
[WATCHDOG] Heap recovered to 26692 after emergency relief
21-05:37:42.599 [VRB] [HEAP-TEL] jobs: 376 bytes (heap=27068)
21-05:37:42.659 [VRB] [HEAP-TEL] boundary: -744 bytes (bma=130 phl=0)
21-05:37:42.664 [VRB] [HEAP-TEL] inbound: -1008 bytes (heap=25916 pin=2384 bma=130 phl=2 lt=0 revr=0)
21-05:37:42.668 [VRB] [HEAP-TEL] boundary: -744 bytes (bma=132 phl=2)
21-05:37:42.673 [VRB] [HEAP-TEL] inbound: -1012 bytes (heap=25356 pin=2385 bma=132 phl=4 lt=0 revr=0)
21-05:37:42.769 [VRB] [HEAP-TEL] boundary: -744 bytes (bma=134 phl=4)
21-05:37:42.774 [VRB] [HEAP-TEL] inbound: -1016 bytes (heap=24584 pin=2386 bma=134 phl=6 lt=0 revr=0)
21-05:37:42.850 [VRB] [HEAP-TEL] jobs: 580 bytes (heap=25968)
21-05:37:42.971 [VRB] [HEAP-TEL] boundary: -536 bytes (bma=130 phl=6)
21-05:37:42.976 [VRB] [HEAP-TEL] inbound: -820 bytes (heap=24796 pin=2387 bma=130 phl=8 lt=0 revr=0)
21-05:37:43.102 [VRB] [HEAP-TEL] jobs: 184 bytes (heap=25576)
21-05:37:43.577 [VRB] [HEAP-TEL] boundary: -744 bytes (bma=130 phl=8)
21-05:37:43.582 [VRB] [HEAP-TEL] inbound: -1172 bytes (heap=24260 pin=2388 bma=130 phl=10 lt=0 revr=0)
21-05:37:43.610 [VRB] [HEAP-TEL] jobs: 184 bytes (heap=25040)
21-05:37:43.717 [VRB] [HEAP-TEL] boundary: -744 bytes (bma=130 phl=10)
21-05:37:43.722 [VRB] [HEAP-TEL] inbound: -1012 bytes (heap=23676 pin=2389 bma=130 phl=12 lt=0 revr=0)
21-05:37:43.749 [VRB] [HEAP-TEL] boundary: -752 bytes (bma=132 phl=12)
21-05:37:43.754 [VRB] [HEAP-TEL] inbound: -1188 bytes (heap=22940 pin=2390 bma=132 phl=14 lt=0 revr=0)
21-05:37:43.861 [VRB] [HEAP-TEL] jobs: 372 bytes (heap=24116)
21-05:37:43.889 [VRB] [HEAP-TEL] boundary: -540 bytes (bma=130 phl=14)
21-05:37:43.894 [VRB] [HEAP-TEL] inbound: -976 bytes (heap=22788 pin=2391 bma=130 phl=16 lt=0 revr=0)
21-05:37:43.898 [VRB] [HEAP-TEL] boundary: -772 bytes (bma=132 phl=16)
21-05:37:43.903 [VRB] [HEAP-TEL] inbound: -1212 bytes (heap=22028 pin=2392 bma=132 phl=18 lt=0 revr=0)
21-05:37:44.093 [VRB] [HEAP-TEL] boundary: -760 bytes (bma=134 phl=18)
21-05:37:44.098 [VRB] [HEAP-TEL] inbound: -1188 bytes (heap=21088 pin=2393 bma=134 phl=20 lt=0 revr=0)
21-05:37:44.102 [VRB] [HEAP-TEL] boundary: -748 bytes (bma=136 phl=20)
21-05:37:44.107 [VRB] [HEAP-TEL] inbound: -1172 bytes (heap=20368 pin=2394 bma=136 phl=22 lt=0 revr=0)
21-05:37:44.138 [VRB] [HEAP-TEL] boundary: -748 bytes (bma=138 phl=22)
21-05:37:44.143 [VRB] [HEAP-TEL] inbound: -1168 bytes (heap=19652 pin=2395 bma=138 phl=24 lt=0 revr=0)
21-05:37:44.145 [VRB] [HEAP-TEL] jobs: 976 bytes (heap=21432)
21-05:37:44.219 [VRB] [HEAP-TEL] boundary: -752 bytes (bma=130 phl=24)
21-05:37:44.224 [VRB] [HEAP-TEL] inbound: -1184 bytes (heap=19896 pin=2396 bma=130 phl=26 lt=0 revr=0)
21-05:37:44.397 [VRB] [HEAP-TEL] jobs: 208 bytes (heap=20908)
21-05:37:44.472 [VRB] [HEAP-TEL] boundary: -772 bytes (bma=130 phl=26)
21-05:37:44.477 [VRB] [HEAP-TEL] inbound: -1200 bytes (heap=19356 pin=2397 bma=130 phl=28 lt=0 revr=0)
21-05:37:44.649 [VRB] [HEAP-TEL] jobs: 184 bytes (heap=20344)
21-05:37:44.716 [VRB] [HEAP-TEL] boundary: -536 bytes (bma=130 phl=28)
21-05:37:44.721 [VRB] [HEAP-TEL] inbound: -952 bytes (heap=18788 pin=2398 bma=130 phl=30 lt=0 revr=0)
21-05:37:44.725 [VRB] [HEAP-TEL] boundary: -764 bytes (bma=132 phl=30)
21-05:37:44.730 [VRB] [HEAP-TEL] inbound: -1048 bytes (heap=18232 pin=2399 bma=132 phl=32 lt=0 revr=0)
[WATCHDOG] Heap recovered to 25208 after emergency relief
21-05:37:44.901 [VRB] [HEAP-TEL] jobs: 392 bytes (heap=25600)
21-05:37:45.325 [VRB] [HEAP-TEL] boundary: -744 bytes (bma=130 phl=0)
21-05:37:45.330 [VRB] [HEAP-TEL] inbound: -1028 bytes (heap=24436 pin=2400 bma=130 phl=2 lt=0 revr=0)
21-05:37:45.372 [VRB] [HEAP-TEL] boundary: -744 bytes (bma=132 phl=2)
21-05:37:45.378 [VRB] [HEAP-TEL] inbound: -1156 bytes (heap=23524 pin=2401 bma=132 phl=4 lt=0 revr=0)
21-05:37:45.403 [VRB] [HEAP-TEL] jobs: 368 bytes (heap=24696)
21-05:37:46.959 [VRB] [HEAP-TEL] boundary: -540 bytes (bma=130 phl=4)
21-05:37:46.965 [VRB] [HEAP-TEL] inbound: -824 bytes (heap=23312 pin=2405 bma=130 phl=6 lt=0 revr=0)
21-05:37:47.161 [VRB] [HEAP-TEL] jobs: 184 bytes (heap=24300)
21-05:37:47.470 [VRB] [HEAP-TEL] boundary: -572 bytes (bma=130 phl=6)
21-05:37:47.475 [VRB] [HEAP-TEL] inbound: -836 bytes (heap=22904 pin=2406 bma=130 phl=8 lt=0 revr=0)
21-05:37:47.574 [VRB] [HEAP-TEL] boundary: -768 bytes (bma=132 phl=8)
21-05:37:47.579 [VRB] [HEAP-TEL] inbound: -1212 bytes (heap=22144 pin=2407 bma=132 phl=10 lt=0 revr=0)
21-05:37:47.583 [VRB] [HEAP-TEL] boundary: -744 bytes (bma=134 phl=10)
21-05:37:47.588 [VRB] [HEAP-TEL] inbound: -1012 bytes (heap=21584 pin=2408 bma=134 phl=12 lt=0 revr=0)
21-05:37:47.664 [VRB] [HEAP-TEL] jobs: 600 bytes (heap=22848)
21-05:37:47.677 [VRB] [HEAP-TEL] boundary: -772 bytes (bma=130 phl=12)
21-05:37:47.682 [VRB] [HEAP-TEL] inbound: -1052 bytes (heap=21584 pin=2409 bma=130 phl=14 lt=0 revr=0)
21-05:37:47.886 [VRB] [HEAP-TEL] boundary: -764 bytes (bma=132 phl=14)
21-05:37:47.891 [VRB] [HEAP-TEL] inbound: -1048 bytes (heap=21212 pin=2410 bma=132 phl=16 lt=0 revr=0)
21-05:37:47.895 [VRB] [HEAP-TEL] boundary: -756 bytes (bma=134 phl=16)
21-05:37:47.900 [VRB] [HEAP-TEL] inbound: -1028 bytes (heap=20640 pin=2411 bma=134 phl=18 lt=0 revr=0)
21-05:37:47.914 [VRB] [HEAP-TEL] boundary: -776 bytes (bma=136 phl=18)
21-05:37:47.919 [VRB] [HEAP-TEL] inbound: -1044 bytes (heap=20052 pin=2412 bma=136 phl=20 lt=0 revr=0)
21-05:37:47.922 [VRB] [HEAP-TEL] jobs: 756 bytes (heap=21408)
21-05:37:48.214 [VRB] [HEAP-TEL] boundary: -944 bytes (bma=130 phl=20)
21-05:37:48.219 [VRB] [HEAP-TEL] inbound: -1440 bytes (heap=19616 pin=2413 bma=130 phl=22 lt=0 revr=0)
21-05:37:48.223 [VRB] [HEAP-TEL] boundary: -752 bytes (bma=132 phl=22)
21-05:37:48.228 [VRB] [HEAP-TEL] inbound: -1176 bytes (heap=18936 pin=2414 bma=132 phl=24 lt=0 revr=0)
[WATCHDOG] Heap recovered to 24588 after emergency relief
21-05:37:48.424 [VRB] [HEAP-TEL] jobs: 368 bytes (heap=24956)
21-05:37:48.496 [VRB] [HEAP-TEL] boundary: -528 bytes (bma=130 phl=0)
21-05:37:48.501 [VRB] [HEAP-TEL] inbound: -812 bytes (heap=23572 pin=2415 bma=130 phl=2 lt=0 revr=0)
21-05:37:48.547 [VRB] [HEAP-TEL] boundary: -764 bytes (bma=132 phl=2)
21-05:37:48.552 [VRB] [HEAP-TEL] inbound: -1028 bytes (heap=22996 pin=2416 bma=132 phl=4 lt=0 revr=0)
21-05:37:48.676 [VRB] [HEAP-TEL] jobs: 380 bytes (heap=24180)
21-05:37:49.112 [VRB] [HEAP-TEL] boundary: -756 bytes (bma=130 phl=4)
21-05:37:49.117 [VRB] [HEAP-TEL] inbound: -1024 bytes (heap=22804 pin=2418 bma=130 phl=6 lt=0 revr=0)
21-05:37:49.179 [VRB] [HEAP-TEL] jobs: 192 bytes (heap=23808)
21-05:37:49.623 [VRB] [HEAP-TEL] boundary: -760 bytes (bma=130 phl=6)
21-05:37:49.628 [VRB] [HEAP-TEL] inbound: -1184 bytes (heap=22480 pin=2419 bma=130 phl=8 lt=0 revr=0)
21-05:37:49.682 [VRB] [HEAP-TEL] jobs: 188 bytes (heap=23264)
21-05:37:50.963 [VRB] [HEAP-TEL] boundary: -748 bytes (bma=130 phl=8)
21-05:37:50.968 [VRB] [HEAP-TEL] inbound: -1028 bytes (heap=22092 pin=2420 bma=130 phl=10 lt=0 revr=0)
21-05:37:51.234 [VRB] [HEAP-TEL] boundary: -756 bytes (bma=132 phl=10)
21-05:37:51.239 [VRB] [HEAP-TEL] inbound: -1028 bytes (heap=21308 pin=2424 bma=132 phl=12 lt=0 revr=0)
21-05:37:51.440 [VRB] [HEAP-TEL] jobs: 380 bytes (heap=22492)
21-05:37:51.978 [VRB] [HEAP-TEL] boundary: -864 bytes (bma=130 phl=12)
21-05:37:51.984 [VRB] [HEAP-TEL] inbound: -1188 bytes (heap=21160 pin=2425 bma=130 phl=14 lt=0 revr=0)
21-05:37:52.219 [VRB] [HEAP-TEL] jobs: 184 bytes (heap=21940)
21-05:37:52.286 [VRB] [HEAP-TEL] boundary: -748 bytes (bma=130 phl=14)
21-05:37:52.289 [VRB] [HEAP-TEL] inbound: -1176 bytes (heap=20620 pin=2426 bma=130 phl=16 lt=0 revr=0)
21-05:37:52.470 [VRB] [HEAP-TEL] jobs: 184 bytes (heap=21400)
21-05:37:52.694 [VRB] [HEAP-TEL] boundary: -752 bytes (bma=130 phl=16)
21-05:37:52.699 [VRB] [HEAP-TEL] inbound: -1024 bytes (heap=19984 pin=2427 bma=130 phl=18 lt=0 revr=0)
21-05:37:52.731 [VRB] [HEAP-TEL] boundary: -752 bytes (bma=132 phl=18)
21-05:37:52.736 [VRB] [HEAP-TEL] inbound: -1024 bytes (heap=19412 pin=2428 bma=132 phl=20 lt=0 revr=0)
21-05:37:52.738 [VRB] [HEAP-TEL] jobs: 388 bytes (heap=20644)
21-05:37:52.899 [VRB] [HEAP-TEL] boundary: -784 bytes (bma=130 phl=20)
21-05:37:52.904 [VRB] [HEAP-TEL] inbound: -1216 bytes (heap=19036 pin=2429 bma=130 phl=22 lt=0 revr=0)
21-05:37:52.908 [VRB] [HEAP-TEL] boundary: -764 bytes (bma=132 phl=22)
21-05:37:52.913 [VRB] [HEAP-TEL] inbound: -1028 bytes (heap=18464 pin=2430 bma=132 phl=24 lt=0 revr=0)
[WATCHDOG] Heap recovered to 23936 after emergency relief
21-05:37:53.028 [VRB] [HEAP-TEL] jobs: 232 bytes (heap=24168)
21-05:37:53.408 [VRB] [HEAP-TEL] boundary: -764 bytes (bma=130 phl=0)
21-05:37:53.414 [VRB] [HEAP-TEL] inbound: -1032 bytes (heap=22784 pin=2431 bma=130 phl=2 lt=0 revr=0)
21-05:37:53.531 [VRB] [HEAP-TEL] jobs: 92 bytes (heap=23680)
21-05:37:54.644 [VRB] [HEAP-TEL] boundary: -756 bytes (bma=130 phl=2)
21-05:37:54.649 [VRB] [HEAP-TEL] inbound: -1020 bytes (heap=22516 pin=2432 bma=130 phl=4 lt=0 revr=0)
21-05:37:55.354 [VRB] [HEAP-TEL] boundary: -764 bytes (bma=130 phl=4)
21-05:37:55.359 [VRB] [HEAP-TEL] inbound: -1188 bytes (heap=21824 pin=2433 bma=130 phl=6 lt=0 revr=0)
21-05:37:55.503 [VRB] [HEAP-TEL] boundary: -768 bytes (bma=132 phl=6)
21-05:37:55.508 [VRB] [HEAP-TEL] inbound: -1188 bytes (heap=21108 pin=2434 bma=132 phl=8 lt=0 revr=0)
21-05:37:58.241 [VRB] [HEAP-TEL] boundary: -780 bytes (bma=130 phl=8)
21-05:37:58.246 [VRB] [HEAP-TEL] inbound: -1060 bytes (heap=20304 pin=2435 bma=130 phl=10 lt=0 revr=0)
21-05:37:58.427 [VRB] [HEAP-TEL] boundary: -764 bytes (bma=130 phl=10)
21-05:37:58.432 [VRB] [HEAP-TEL] inbound: -1036 bytes (heap=19744 pin=2436 bma=130 phl=12 lt=0 revr=0)
21-05:37:58.454 [VRB] [HEAP-TEL] boundary: -752 bytes (bma=132 phl=12)
21-05:37:58.459 [VRB] [HEAP-TEL] inbound: -1180 bytes (heap=19232 pin=2437 bma=132 phl=14 lt=0 revr=0)
[WATCHDOG] Heap recovered to 22524 after emergency relief
21-05:37:58.598 [VRB] [HEAP-TEL] jobs: 368 bytes (heap=22892)
21-05:37:59.144 [VRB] [HEAP-TEL] boundary: -748 bytes (bma=130 phl=0)
21-05:37:59.149 [VRB] [HEAP-TEL] inbound: -1016 bytes (heap=21524 pin=2438 bma=130 phl=2 lt=0 revr=0)
21-05:37:59.156 [VRB] [HEAP-TEL] boundary: -756 bytes (bma=132 phl=2)
21-05:37:59.161 [VRB] [HEAP-TEL] inbound: -1188 bytes (heap=20788 pin=2439 bma=132 phl=4 lt=0 revr=0)
21-05:37:59.352 [VRB] [HEAP-TEL] jobs: 368 bytes (heap=21960)
21-05:37:59.452 [VRB] [HEAP-TEL] boundary: -748 bytes (bma=130 phl=4)
21-05:37:59.457 [VRB] [HEAP-TEL] inbound: -1176 bytes (heap=20432 pin=2440 bma=130 phl=6 lt=0 revr=0)
21-05:37:59.603 [VRB] [HEAP-TEL] jobs: 184 bytes (heap=21420)
21-05:38:00.576 [VRB] [HEAP-TEL] boundary: -744 bytes (bma=130 phl=6)
21-05:38:00.581 [VRB] [HEAP-TEL] inbound: -1160 bytes (heap=19908 pin=2441 bma=130 phl=8 lt=0 revr=0)
21-05:38:00.609 [VRB] [HEAP-TEL] jobs: 188 bytes (heap=20900)
21-05:38:00.778 [VRB] [HEAP-TEL] boundary: -760 bytes (bma=130 phl=8)
21-05:38:00.783 [VRB] [HEAP-TEL] inbound: -1036 bytes (heap=19512 pin=2442 bma=130 phl=10 lt=0 revr=0)
21-05:38:00.861 [VRB] [HEAP-TEL] jobs: 188 bytes (heap=20504)
21-05:38:01.908 [VRB] [HEAP-TEL] boundary: -752 bytes (bma=130 phl=10)
21-05:38:01.913 [VRB] [HEAP-TEL] inbound: -1028 bytes (heap=19124 pin=2444 bma=130 phl=12 lt=0 revr=0)
[WATCHDOG] Heap recovered to 22192 after emergency relief
21-05:38:02.030 [VRB] [HEAP-TEL] boundary: -748 bytes (bma=132 phl=0)
21-05:38:02.035 [VRB] [HEAP-TEL] inbound: -1164 bytes (heap=20924 pin=2445 bma=132 phl=2 lt=0 revr=0)
21-05:38:02.117 [VRB] [HEAP-TEL] jobs: 384 bytes (heap=21904)
21-05:38:02.834 [VRB] [HEAP-TEL] boundary: -752 bytes (bma=130 phl=2)
21-05:38:02.839 [VRB] [HEAP-TEL] inbound: -1016 bytes (heap=20328 pin=2446 bma=130 phl=4 lt=0 revr=0)
21-05:38:02.843 [VRB] [HEAP-TEL] boundary: -752 bytes (bma=132 phl=4)
21-05:38:02.848 [VRB] [HEAP-TEL] inbound: -828 bytes (heap=19952 pin=2447 bma=132 phl=6 lt=0 revr=0)
21-05:38:02.856 [VRB] [HEAP-TEL] boundary: -764 bytes (bma=134 phl=6)
21-05:38:02.861 [VRB] [HEAP-TEL] inbound: -1048 bytes (heap=19360 pin=2448 bma=134 phl=8 lt=0 revr=0)
21-05:38:02.871 [VRB] [HEAP-TEL] jobs: 608 bytes (heap=20780)
21-05:38:03.038 [VRB] [HEAP-TEL] boundary: -784 bytes (bma=130 phl=8)
21-05:38:03.043 [VRB] [HEAP-TEL] inbound: -1052 bytes (heap=19584 pin=2449 bma=130 phl=10 lt=0 revr=0)
21-05:38:03.047 [VRB] [HEAP-TEL] boundary: -768 bytes (bma=132 phl=10)
21-05:38:03.052 [VRB] [HEAP-TEL] inbound: -1044 bytes (heap=18996 pin=2450 bma=132 phl=12 lt=0 revr=0)
21-05:38:03.082 [VRB] [HEAP-TEL] boundary: -776 bytes (bma=134 phl=12)
21-05:38:03.087 [VRB] [HEAP-TEL] inbound: -1040 bytes (heap=18184 pin=2451 bma=134 phl=14 lt=0 revr=0)
[WATCHDOG] Heap recovered to 21724 after emergency relief
21-05:38:03.201 [VRB] [HEAP-TEL] jobs: 576 bytes (heap=22300)
21-05:38:03.249 [VRB] [HEAP-TEL] boundary: -764 bytes (bma=130 phl=0)
21-05:38:03.255 [VRB] [HEAP-TEL] inbound: -1032 bytes (heap=20916 pin=2452 bma=130 phl=2 lt=0 revr=0)
21-05:38:03.281 [VRB] [HEAP-TEL] boundary: -756 bytes (bma=132 phl=2)
21-05:38:03.286 [VRB] [HEAP-TEL] inbound: -1024 bytes (heap=20552 pin=2453 bma=132 phl=4 lt=0 revr=0)
21-05:38:03.320 [VRB] [HEAP-TEL] boundary: -760 bytes (bma=134 phl=4)
21-05:38:03.325 [VRB] [HEAP-TEL] inbound: -1040 bytes (heap=19548 pin=2454 bma=134 phl=6 lt=0 revr=0)
21-05:38:03.373 [VRB] [HEAP-TEL] boundary: -780 bytes (bma=136 phl=6)
21-05:38:03.378 [VRB] [HEAP-TEL] inbound: -1056 bytes (heap=19168 pin=2455 bma=136 phl=8 lt=0 revr=0)
[WATCHDOG] Heap recovered to 21516 after emergency relief
21-05:38:03.521 [VRB] [HEAP-TEL] boundary: -764 bytes (bma=138 phl=0)
21-05:38:03.526 [VRB] [HEAP-TEL] inbound: -1036 bytes (heap=20128 pin=2456 bma=138 phl=2 lt=0 revr=0)
21-05:38:03.528 [VRB] [HEAP-TEL] jobs: 928 bytes (heap=21876)
21-05:38:03.557 [VRB] [HEAP-TEL] boundary: -744 bytes (bma=130 phl=2)
21-05:38:03.562 [VRB] [HEAP-TEL] inbound: -804 bytes (heap=20512 pin=2457 bma=130 phl=4 lt=0 revr=0)
21-05:38:03.780 [VRB] [HEAP-TEL] jobs: 184 bytes (heap=21500)
21-05:38:06.619 [VRB] [HEAP-TEL] boundary: -744 bytes (bma=130 phl=4)
21-05:38:06.624 [VRB] [HEAP-TEL] inbound: -1164 bytes (heap=20192 pin=2458 bma=130 phl=6 lt=0 revr=0)
21-05:38:07.549 [VRB] [HEAP-TEL] boundary: -752 bytes (bma=132 phl=6)
21-05:38:07.554 [VRB] [HEAP-TEL] inbound: -1172 bytes (heap=19264 pin=2461 bma=132 phl=8 lt=0 revr=0)
21-05:38:07.556 [VRB] [HEAP-TEL] jobs: 368 bytes (heap=20436)
21-05:38:07.561 [VRB] [HEAP-TEL] boundary: -752 bytes (bma=130 phl=8)
21-05:38:07.566 [VRB] [HEAP-TEL] inbound: -1028 bytes (heap=19056 pin=2462 bma=130 phl=10 lt=0 revr=0)
[WATCHDOG] Heap recovered to 21768 after emergency relief
21-05:38:07.808 [VRB] [HEAP-TEL] jobs: 184 bytes (heap=21952)
21-05:38:08.377 [VRB] [HEAP-TEL] boundary: -744 bytes (bma=130 phl=0)
21-05:38:08.382 [VRB] [HEAP-TEL] inbound: -1012 bytes (heap=20588 pin=2463 bma=130 phl=2 lt=0 revr=0)
21-05:38:08.386 [VRB] [HEAP-TEL] boundary: -760 bytes (bma=132 phl=2)
21-05:38:08.391 [VRB] [HEAP-TEL] inbound: -1036 bytes (heap=20004 pin=2464 bma=132 phl=4 lt=0 revr=0)
21-05:38:08.395 [VRB] [HEAP-TEL] boundary: -744 bytes (bma=134 phl=4)
21-05:38:08.400 [VRB] [HEAP-TEL] inbound: -1024 bytes (heap=19432 pin=2465 bma=134 phl=6 lt=0 revr=0)
[WATCHDOG] Heap recovered to 21288 after emergency relief
21-05:38:08.628 [VRB] [HEAP-TEL] boundary: -616 bytes (bma=136 phl=0)
21-05:38:08.634 [VRB] [HEAP-TEL] inbound: -724 bytes (heap=20164 pin=2466 bma=136 phl=2 lt=0 revr=0)
21-05:38:08.638 [VRB] [HEAP-TEL] boundary: -756 bytes (bma=138 phl=2)
21-05:38:08.643 [VRB] [HEAP-TEL] inbound: -1028 bytes (heap=19588 pin=2467 bma=138 phl=4 lt=0 revr=0)
21-05:38:08.647 [VRB] [HEAP-TEL] boundary: -748 bytes (bma=140 phl=4)
21-05:38:08.653 [VRB] [HEAP-TEL] inbound: -1168 bytes (heap=18924 pin=2468 bma=140 phl=6 lt=0 revr=0)
21-05:38:08.681 [VRB] [HEAP-TEL] jobs: 1128 bytes (heap=20644)
21-05:38:08.976 [VRB] [HEAP-TEL] boundary: -744 bytes (bma=130 phl=6)
21-05:38:08.981 [VRB] [HEAP-TEL] inbound: -1016 bytes (heap=19280 pin=2469 bma=130 phl=8 lt=0 revr=0)
[WATCHDOG] Heap recovered to 21608 after emergency relief
21-05:38:09.185 [VRB] [HEAP-TEL] boundary: -748 bytes (bma=132 phl=0)
21-05:38:09.190 [VRB] [HEAP-TEL] inbound: -1036 bytes (heap=20224 pin=2470 bma=132 phl=2 lt=0 revr=0)
21-05:38:09.192 [VRB] [HEAP-TEL] jobs: 372 bytes (heap=21396)
21-05:38:10.102 [VRB] [HEAP-TEL] boundary: -752 bytes (bma=130 phl=2)
21-05:38:10.107 [VRB] [HEAP-TEL] inbound: -820 bytes (heap=19992 pin=2472 bma=130 phl=4 lt=0 revr=0)
21-05:38:10.152 [VRB] [HEAP-TEL] boundary: -756 bytes (bma=132 phl=4)
21-05:38:10.157 [VRB] [HEAP-TEL] inbound: -812 bytes (heap=19632 pin=2473 bma=132 phl=6 lt=0 revr=0)
21-05:38:10.197 [VRB] [HEAP-TEL] jobs: 392 bytes (heap=20620)
21-05:38:10.308 [VRB] [HEAP-TEL] boundary: -780 bytes (bma=130 phl=6)
21-05:38:10.313 [VRB] [HEAP-TEL] inbound: -1060 bytes (heap=19240 pin=2474 bma=130 phl=8 lt=0 revr=0)
[WATCHDOG] Heap recovered to 21604 after emergency relief
21-05:38:10.465 [VRB] [HEAP-TEL] jobs: 192 bytes (heap=21796)
21-05:38:10.536 [VRB] [HEAP-TEL] boundary: -752 bytes (bma=130 phl=0)
21-05:38:10.541 [VRB] [HEAP-TEL] inbound: -1192 bytes (heap=19836 pin=2475 bma=130 phl=2 lt=0 revr=0)
21-05:38:10.545 [VRB] [HEAP-TEL] boundary: -768 bytes (bma=132 phl=2)
21-05:38:10.550 [VRB] [HEAP-TEL] inbound: -1036 bytes (heap=19252 pin=2476 bma=132 phl=4 lt=0 revr=0)
21-05:38:10.718 [VRB] [HEAP-TEL] boundary: -760 bytes (bma=134 phl=4)
21-05:38:10.724 [VRB] [HEAP-TEL] inbound: -1084 bytes (heap=19248 pin=2477 bma=134 phl=6 lt=0 revr=0)
21-05:38:10.728 [VRB] [HEAP-TEL] boundary: -772 bytes (bma=136 phl=6)
21-05:38:10.733 [VRB] [HEAP-TEL] inbound: -1184 bytes (heap=18580 pin=2478 bma=136 phl=8 lt=0 revr=0)
21-05:38:10.736 [VRB] [HEAP-TEL] jobs: 768 bytes (heap=19944)
[WATCHDOG] Heap recovered to 21500 after emergency relief
21-05:38:11.045 [VRB] [HEAP-TEL] boundary: -744 bytes (bma=130 phl=0)
21-05:38:11.051 [VRB] [HEAP-TEL] inbound: -1168 bytes (heap=19980 pin=2479 bma=130 phl=2 lt=0 revr=0)
21-05:38:11.239 [VRB] [HEAP-TEL] jobs: 184 bytes (heap=20828)
21-05:38:12.455 [VRB] [HEAP-TEL] boundary: -772 bytes (bma=130 phl=2)
21-05:38:12.460 [VRB] [HEAP-TEL] inbound: -1040 bytes (heap=19576 pin=2481 bma=130 phl=4 lt=0 revr=0)
21-05:38:12.494 [VRB] [HEAP-TEL] jobs: 184 bytes (heap=20564)
21-05:38:12.892 [VRB] [HEAP-TEL] boundary: -756 bytes (bma=130 phl=4)
21-05:38:12.898 [VRB] [HEAP-TEL] inbound: -1036 bytes (heap=19176 pin=2482 bma=130 phl=6 lt=0 revr=0)
[WATCHDOG] Heap recovered to 21144 after emergency relief
21-05:38:13.011 [VRB] [HEAP-TEL] jobs: 196 bytes (heap=21340)
21-05:38:13.050 [VRB] [HEAP-TEL] boundary: -760 bytes (bma=130 phl=0)
21-05:38:13.055 [VRB] [HEAP-TEL] inbound: -1032 bytes (heap=19956 pin=2483 bma=130 phl=2 lt=0 revr=0)
21-05:38:13.263 [VRB] [HEAP-TEL] jobs: 196 bytes (heap=20956)
21-05:38:13.685 [VRB] [HEAP-TEL] boundary: -744 bytes (bma=130 phl=2)
21-05:38:13.690 [VRB] [HEAP-TEL] inbound: -1048 bytes (heap=19556 pin=2484 bma=130 phl=4 lt=0 revr=0)
21-05:38:13.695 [VRB] [HEAP-TEL] boundary: -756 bytes (bma=132 phl=4)
21-05:38:13.701 [VRB] [HEAP-TEL] inbound: -832 bytes (heap=19008 pin=2485 bma=132 phl=6 lt=0 revr=0)
[WATCHDOG] Heap recovered to 20932 after emergency relief
21-05:38:13.818 [VRB] [HEAP-TEL] boundary: -756 bytes (bma=134 phl=0)
21-05:38:13.823 [VRB] [HEAP-TEL] inbound: -1172 bytes (heap=19656 pin=2486 bma=134 phl=2 lt=0 revr=0)
21-05:38:13.851 [VRB] [HEAP-TEL] jobs: 584 bytes (heap=20836)
21-05:38:13.888 [VRB] [HEAP-TEL] boundary: -756 bytes (bma=130 phl=2)
21-05:38:13.893 [VRB] [HEAP-TEL] inbound: -1028 bytes (heap=19456 pin=2487 bma=130 phl=4 lt=0 revr=0)
21-05:38:13.904 [VRB] [HEAP-TEL] boundary: -752 bytes (bma=132 phl=4)
21-05:38:13.909 [VRB] [HEAP-TEL] inbound: -812 bytes (heap=18888 pin=2488 bma=132 phl=6 lt=0 revr=0)
[WATCHDOG] Heap recovered to 20844 after emergency relief
21-05:38:14.095 [VRB] [HEAP-TEL] boundary: -780 bytes (bma=134 phl=0)
21-05:38:14.100 [VRB] [HEAP-TEL] inbound: -1000 bytes (heap=19284 pin=2489 bma=134 phl=2 lt=0 revr=0)
21-05:38:14.104 [VRB] [HEAP-TEL] boundary: -752 bytes (bma=136 phl=2)
21-05:38:14.109 [VRB] [HEAP-TEL] inbound: -1016 bytes (heap=18720 pin=2490 bma=136 phl=4 lt=0 revr=0)
21-05:38:14.111 [VRB] [HEAP-TEL] jobs: 752 bytes (heap=20276)
21-05:38:14.218 [VRB] [HEAP-TEL] boundary: -772 bytes (bma=130 phl=4)
21-05:38:14.223 [VRB] [HEAP-TEL] inbound: -1200 bytes (heap=18724 pin=2491 bma=130 phl=6 lt=0 revr=0)
21-05:38:14.227 [VRB] [HEAP-TEL] boundary: -752 bytes (bma=132 phl=6)
21-05:38:14.232 [VRB] [HEAP-TEL] inbound: -1040 bytes (heap=18136 pin=2492 bma=132 phl=8 lt=0 revr=0)
[WATCHDOG] Heap recovered to 20400 after emergency relief
21-05:38:14.351 [VRB] [HEAP-TEL] boundary: -752 bytes (bma=134 phl=0)
21-05:38:14.356 [VRB] [HEAP-TEL] inbound: -1180 bytes (heap=19172 pin=2493 bma=134 phl=2 lt=0 revr=0)
21-05:38:14.360 [VRB] [HEAP-TEL] boundary: -752 bytes (bma=136 phl=2)
21-05:38:14.365 [VRB] [HEAP-TEL] inbound: -1172 bytes (heap=18456 pin=2494 bma=136 phl=4 lt=0 revr=0)
21-05:38:14.393 [VRB] [HEAP-TEL] jobs: 772 bytes (heap=19684)
[WATCHDOG] Heap recovered to 20592 after emergency relief
21-05:38:14.730 [VRB] [HEAP-TEL] boundary: -752 bytes (bma=130 phl=0)
21-05:38:14.735 [VRB] [HEAP-TEL] inbound: -1188 bytes (heap=19052 pin=2495 bma=130 phl=2 lt=0 revr=0)
21-05:38:14.739 [VRB] [HEAP-TEL] boundary: -752 bytes (bma=132 phl=2)
21-05:38:14.744 [VRB] [HEAP-TEL] inbound: -1176 bytes (heap=18336 pin=2496 bma=132 phl=4 lt=0 revr=0)
21-05:38:14.748 [VRB] [HEAP-TEL] boundary: -744 bytes (bma=134 phl=4)
21-05:38:14.753 [VRB] [HEAP-TEL] inbound: -1168 bytes (heap=17620 pin=2497 bma=134 phl=6 lt=0 revr=0)
21-05:38:14.757 [VRB] [HEAP-TEL] boundary: -764 bytes (bma=136 phl=6)
21-05:38:14.762 [VRB] [HEAP-TEL] inbound: -1184 bytes (heap=16888 pin=2498 bma=136 phl=8 lt=0 revr=0)
21-05:38:14.766 [VRB] [HEAP-TEL] boundary: -768 bytes (bma=138 phl=8)
21-05:38:14.771 [VRB] [HEAP-TEL] inbound: -1184 bytes (heap=16156 pin=2499 bma=138 phl=10 lt=0 revr=0)

[WATCHDOG] CRITICAL: Free heap 18652 < 20000 — REBOOTING
[WATCHDOG] Min free: 8752  Max alloc: 1140
ESP-ROM:esp32s3-20210327
Build:Mar 27 2021
rst:0xc (RTC_SW_CPU_RST),boot:0x8 (SPI_FAST_FLASH_BOOT)
Saved PC:0x420e2a66
SPIWP:0xee
mode:DIO, clock div:1
load:0x3fce3808,len:0x41c
load:0x403c9700,len:0x9a8
load:0x403cc700,len:0x28ac
entry 0x403c98b8
[Boundary] Last automatic reset: Heap watchdog, observed=CPU software reset, heap=18652, min=8752, max_alloc=1140
[Boundary] Released BT controller memory
[Boundary] Provisioning check bypassed, modem installed
[Boundary] Loaded LoRa config from EEPROM
[Boundary] LoRa: freq=914875000 bw=125000 sf=10 cr=5 txp=28
[Boundary] SXSYNC requested=1424 reg=1424
[Boundary] DIO2RF=1
[Boundary] SXFREQ hz=914875000 reg=392e0000
[Boundary] SXPA pa=04070001 ocp=28 tx=0202
[Boundary] PA detect: model=GC1109
[Boundary] TXP: requested=28 effective=28 modem=19 pa=1
[Boundary] SXPA pa=04070001 ocp=28 tx=1302
00:00:04.056 [---] Initializing filesystem...
00:00:04.058 [INF] LittleFS mounting filesystem
00:00:04.071 [DBG] LittleFS filesystem is ready
00:00:04.072 [---] write_file: writing to file /test
[  4075][E][vfs_api.cpp:105] open(): /test does not exist, no permits for creation
00:00:04.094 [---] write_file: wrote 4 bytes to file /test
00:00:04.096 [---] remove_file: removing file /test
00:00:04.106 [---] Finished initializing

00:00:04.107 [---] Registering filesystem...
00:00:04.108 [---] Registering filesystem...
00:00:04.109 [---] Listing filesystem...
00:00:04.110 [---] Finished listing
00:00:04.111 [---] FILE: destination_table
00:00:04.112 [---] read_file: reading from file /destination_table
00:00:04.136 [---] read_file: read 1451 bytes from file /destination_table
00:00:04.137 [---] {"13f4b14dd364a672e853a37fb534678c":[{"timestamp":1826281.23,"next_hop":"13f4b14dd364a672e853a37fb534678c","hops":1,"expires":1912245.503,"interface_hash":"4d520f5a502f14f2be77cbc242d2f79f619f42750c3de07c12840d6540627825","packet_hash":"34897b5e8dc3b370122f4d61db81ba5b9527a312c936ba6cd06da991ab2ad1c6"}],"29f9a20cb04760edbc497d668c255ab7":[{"timestamp":1826202.806,"next_hop":"29f9a20cb04760edbc497d668c255ab7","hops":1,"expires":1912350.397,"interface_hash":"337b0aea851f05a0ba0e7c2f9b2fdd1c38b74b2fa290b8ef05b11518a4625485","packet_hash":"bd8af3391af1e32862b3b8c4cbcf8962b70ff6aa700c75c8cc3b0138863b2937"},{"timestamp":1825876.487,"next_hop":"29f9a20cb04760edbc497d668c255ab7","hops":1,"expires":1912276.487,"interface_hash":"337b0aea851f05a0ba0e7c2f9b2fdd1c38b74b2fa290b8ef05b11518a4625485","packet_hash":"3f4680fe03740e3a822306a9a8aac76fbc70b6e3c6bb327152c2a7a42bc56662"},{"timestamp":1825869.199,"next_hop":"29f9a20cb04760edbc497d668c255ab7","hops":1,"expires":1911933.58,"interface_hash":"337b0aea851f05a0ba0e7c2f9b2fdd1c38b74b2fa290b8ef05b11518a4625485","packet_hash":"312b0b0b41d6c9a5014d3609ab4c77dafd0680fcbc1bc66ae0d8cc6e696377a1"}],"a75c35ae3687a0abcc224fafafe44618":[{"timestamp":1825845.635,"next_hop":"a75c35ae3687a0abcc224fafafe44618","hops":1,"expires":1912245.635,"interface_hash":"4d520f5a502f14f2be77cbc242d2f79f619f42750c3de07c12840d6540627825","packet_hash":"23f8b8c079c924756c04c7212479ea32b5acb52870c2ca26080eb9991f5a285b"}],}

Starting RNS...
21-05:37:38.397 [INF] Total memory: 322860
21-05:37:38.429 [INF] Total flash: 3538944
21-05:37:38.430 [INF] Starting Transport...
21-05:37:38.431 [INF] Transport starting...
21-05:37:38.573 [VRB] Loaded Transport Identity from storage
21-05:37:38.576 [INF] Transport mode is enabled
21-05:37:40.048 [VRB] [LoRa] TX 167 bytes
21-05:37:40.049 [NOT] Transport Instance will respond to probe requests on {Destination:5a55c38ff9ad567685b069878f7d3f5b}
21-05:37:40.050 [VRB] Transport instance {Identity:7e9c03b9de6806839acb15dc540cc91d} started
21-05:37:40.148 [VRB] mem: 207832 (64%) [0] flash: 3477504 (98%) [0] paths: 3 dsts: 3 revr: 0 annc: 0 held: 0
21-05:37:40.149 [VRB] preqs: 0 dpreqs: 0 ppreqs: 0 dprt: 0 cdsts: 2 chshs: 2
21-05:37:40.150 [VRB] phl: 1 rcp: 0 lt: 0 pl: 0 al: 0 tun: 0
21-05:37:40.151 [VRB] bla: 0 bma: 0
21-05:37:40.151 [VRB] pin: 0 pout: 1 padd: 0 dpr: 1 ikd: 0 ia: 0

[TcpIF] Connecting to rmap.world:4242 (DNS)...
[TcpIF] Resolved rmap.world -> 217.154.9.220
[TcpIF] Connected to backbone at rmap.world:4242
[TcpIF] Connecting to rns.beleth.net:4242 (DNS)...
[TcpIF] Resolved rns.beleth.net -> 129.213.74.184
[TcpIF] Failed to connect to rns.beleth.net:4242 (attempt 1, next retry in 20s)
[TcpIF] Server listening on port 4242
[mDNS] STA up: rtnodee960.local (_reticulum._tcp port 4242)
21-05:37:46.542 [INF] [Advertise] Device advertisement ENABLED — first announce in ~60s
21-05:37:46.548 [VRB] [HEAP-TEL] boundary: -828 bytes (bma=2 phl=1)
21-05:37:46.553 [VRB] [HEAP-TEL] inbound: -1300 bytes (heap=197108 pin=1 bma=2 phl=3 lt=0 revr=0)
21-05:37:46.557 [VRB] [HEAP-TEL] boundary: -788 bytes (bma=4 phl=3)
21-05:37:46.563 [VRB] [HEAP-TEL] inbound: -1072 bytes (heap=196624 pin=2 bma=4 phl=5 lt=0 revr=0)
21-05:37:46.567 [VRB] [HEAP-TEL] boundary: -824 bytes (bma=6 phl=5)
21-05:37:46.572 [VRB] [HEAP-TEL] inbound: -1244 bytes (heap=195844 pin=3 bma=6 phl=7 lt=0 revr=0)
21-05:37:46.576 [VRB] [HEAP-TEL] boundary: -776 bytes (bma=8 phl=7)
21-05:37:46.581 [VRB] [HEAP-TEL] inbound: -1324 bytes (heap=194972 pin=4 bma=8 phl=9 lt=0 revr=0)
21-05:37:46.589 [VRB] [HEAP-TEL] boundary: -892 bytes (bma=10 phl=9)
21-05:37:46.594 [VRB] [HEAP-TEL] inbound: -1312 bytes (heap=194136 pin=6 bma=10 phl=11 lt=0 revr=0)
21-05:37:46.598 [VRB] [HEAP-TEL] boundary: -772 bytes (bma=12 phl=11)
21-05:37:46.603 [VRB] [HEAP-TEL] inbound: -1188 bytes (heap=193444 pin=7 bma=12 phl=13 lt=0 revr=0)
[Boundary] Boot stable — bootloop counter cleared
21-05:37:47.202 [VRB] [LoRa] TXSTART 167 bytes
[Boundary] TXCFG f=914875000 sf=10 bw=4 cr=1 ldro=0 pre=18 hdr=0 len=168 crc=1 iq=0 txp=19
[Boundary] TXDONE irq=0001 timeout=0 pa=1
21-05:37:48.890 [VRB] [HEAP-TEL] boundary: -788 bytes (bma=14 phl=13)
21-05:37:48.896 [VRB] [HEAP-TEL] inbound: -1208 bytes (heap=192172 pin=9 bma=14 phl=15 lt=0 revr=0)
21-05:37:49.332 [VRB] [HEAP-TEL] boundary: -764 bytes (bma=16 phl=15)
21-05:37:49.337 [VRB] [HEAP-TEL] inbound: -1436 bytes (heap=191200 pin=10 bma=16 phl=17 lt=0 revr=0)
21-05:37:49.341 [VRB] [HEAP-TEL] boundary: -1000 bytes (bma=18 phl=17)
21-05:37:49.346 [VRB] [HEAP-TEL] inbound: -1412 bytes (heap=190240 pin=11 bma=18 phl=19 lt=0 revr=0)
21-05:37:49.350 [VRB] [HEAP-TEL] boundary: -764 bytes (bma=20 phl=19)
21-05:37:49.355 [VRB] [HEAP-TEL] inbound: -1180 bytes (heap=189512 pin=12 bma=20 phl=21 lt=0 revr=0)
21-05:37:49.359 [VRB] [HEAP-TEL] boundary: -780 bytes (bma=22 phl=21)
21-05:37:49.364 [VRB] [HEAP-TEL] inbound: -1192 bytes (heap=188784 pin=13 bma=22 phl=23 lt=0 revr=0)
21-05:37:49.368 [VRB] [HEAP-TEL] boundary: -744 bytes (bma=24 phl=23)
21-05:37:49.373 [VRB] [HEAP-TEL] inbound: -1168 bytes (heap=188080 pin=14 bma=24 phl=25 lt=0 revr=0)
21-05:37:49.377 [VRB] [HEAP-TEL] boundary: -748 bytes (bma=26 phl=25)
21-05:37:49.382 [VRB] [HEAP-TEL] inbound: -1160 bytes (heap=187372 pin=15 bma=26 phl=27 lt=0 revr=0)
21-05:37:49.386 [VRB] [HEAP-TEL] boundary: -764 bytes (bma=28 phl=27)
21-05:37:49.391 [VRB] [HEAP-TEL] inbound: -1176 bytes (heap=186652 pin=16 bma=28 phl=29 lt=0 revr=0)
21-05:37:49.532 [VRB] [HEAP-TEL] boundary: -760 bytes (bma=30 phl=29)
21-05:37:49.537 [VRB] [HEAP-TEL] inbound: -988 bytes (heap=186148 pin=17 bma=30 phl=31 lt=0 revr=0)
21-05:37:49.741 [VRB] [HEAP-TEL] boundary: -756 bytes (bma=32 phl=31)
21-05:37:49.746 [VRB] [HEAP-TEL] inbound: -1680 bytes (heap=184924 pin=18 bma=32 phl=33 lt=0 revr=0)
21-05:37:49.750 [VRB] [HEAP-TEL] boundary: -1280 bytes (bma=34 phl=33)
21-05:37:49.755 [VRB] [HEAP-TEL] inbound: -1692 bytes (heap=183692 pin=19 bma=34 phl=35 lt=0 revr=0)
21-05:37:49.759 [VRB] [HEAP-TEL] boundary: -764 bytes (bma=36 phl=35)
21-05:37:49.764 [VRB] [HEAP-TEL] inbound: -1216 bytes (heap=182932 pin=20 bma=36 phl=37 lt=0 revr=0)
21-05:37:49.768 [VRB] [HEAP-TEL] boundary: -756 bytes (bma=38 phl=37)
21-05:37:49.773 [VRB] [HEAP-TEL] inbound: -1176 bytes (heap=182252 pin=21 bma=38 phl=39 lt=0 revr=0)
21-05:37:49.850 [VRB] [HEAP-TEL] boundary: -776 bytes (bma=40 phl=39)
21-05:37:49.855 [VRB] [HEAP-TEL] inbound: -1188 bytes (heap=181312 pin=22 bma=40 phl=41 lt=0 revr=0)
21-05:37:49.949 [VRB] [HEAP-TEL] boundary: -764 bytes (bma=42 phl=41)
21-05:37:49.954 [VRB] [HEAP-TEL] inbound: -1192 bytes (heap=180944 pin=23 bma=42 phl=43 lt=0 revr=0)
21-05:37:50.163 [VRB] [HEAP-TEL] boundary: -748 bytes (bma=44 phl=43)
21-05:37:50.168 [VRB] [HEAP-TEL] inbound: -1348 bytes (heap=180044 pin=24 bma=44 phl=45 lt=0 revr=0)
21-05:37:50.173 [VRB] [HEAP-TEL] boundary: -784 bytes (bma=46 phl=45)
21-05:37:50.178 [VRB] [HEAP-TEL] inbound: -1208 bytes (heap=179480 pin=25 bma=46 phl=47 lt=0 revr=0)
21-05:37:50.462 [VRB] [HEAP-TEL] boundary: -760 bytes (bma=48 phl=47)
21-05:37:50.468 [VRB] [HEAP-TEL] inbound: -1172 bytes (heap=178556 pin=26 bma=48 phl=49 lt=0 revr=0)
21-05:37:50.472 [VRB] [HEAP-TEL] boundary: -764 bytes (bma=50 phl=49)
21-05:37:50.477 [VRB] [HEAP-TEL] inbound: -1176 bytes (heap=177836 pin=27 bma=50 phl=51 lt=0 revr=0)
21-05:37:50.513 [VRB] [HEAP-TEL] boundary: -772 bytes (bma=52 phl=51)
21-05:37:50.519 [VRB] [HEAP-TEL] inbound: -1200 bytes (heap=177288 pin=28 bma=52 phl=53 lt=0 revr=0)
21-05:37:50.634 [VRB] [HEAP-TEL] boundary: -748 bytes (bma=54 phl=53)
21-05:37:50.640 [VRB] [HEAP-TEL] inbound: -956 bytes (heap=176572 pin=29 bma=54 phl=55 lt=0 revr=0)
21-05:37:50.860 [VRB] [HEAP-TEL] boundary: -744 bytes (bma=56 phl=55)
21-05:37:50.866 [VRB] [HEAP-TEL] inbound: -1168 bytes (heap=175852 pin=30 bma=56 phl=57 lt=0 revr=0)
21-05:37:51.079 [VRB] [HEAP-TEL] boundary: -788 bytes (bma=58 phl=57)
21-05:37:51.084 [VRB] [HEAP-TEL] inbound: -1200 bytes (heap=175384 pin=33 bma=58 phl=59 lt=0 revr=0)
21-05:37:51.274 [VRB] [HEAP-TEL] boundary: -760 bytes (bma=60 phl=59)
21-05:37:51.280 [VRB] [HEAP-TEL] inbound: -1172 bytes (heap=174236 pin=34 bma=60 phl=61 lt=0 revr=0)
21-05:37:51.284 [VRB] [HEAP-TEL] boundary: -772 bytes (bma=62 phl=61)
21-05:37:51.289 [VRB] [HEAP-TEL] inbound: -1188 bytes (heap=173724 pin=35 bma=62 phl=63 lt=0 revr=0)
21-05:37:52.193 [VRB] [HEAP-TEL] boundary: -756 bytes (bma=64 phl=63)
21-05:37:52.199 [VRB] [HEAP-TEL] inbound: -2200 bytes (heap=172200 pin=36 bma=64 phl=65 lt=0 revr=0)
21-05:37:52.811 [VRB] [HEAP-TEL] boundary: -1796 bytes (bma=66 phl=65)
21-05:37:52.817 [VRB] [HEAP-TEL] inbound: -2208 bytes (heap=170240 pin=37 bma=66 phl=67 lt=0 revr=0)
21-05:37:53.001 [VRB] [HEAP-TEL] jobs: 156 bytes (heap=171200)
21-05:37:53.220 [VRB] [HEAP-TEL] boundary: -760 bytes (bma=68 phl=67)
21-05:37:53.225 [VRB] [HEAP-TEL] inbound: -1180 bytes (heap=169876 pin=38 bma=68 phl=69 lt=0 revr=0)
21-05:37:53.267 [VRB] [HEAP-TEL] jobs: 156 bytes (heap=170632)
21-05:37:53.628 [VRB] [HEAP-TEL] boundary: -756 bytes (bma=70 phl=69)
21-05:37:53.633 [VRB] [HEAP-TEL] inbound: -1172 bytes (heap=169316 pin=39 bma=70 phl=71 lt=0 revr=0)
21-05:37:53.784 [VRB] [HEAP-TEL] jobs: 156 bytes (heap=170072)
21-05:37:54.652 [VRB] [HEAP-TEL] boundary: -748 bytes (bma=72 phl=71)
21-05:37:54.657 [VRB] [HEAP-TEL] inbound: -1160 bytes (heap=168768 pin=40 bma=72 phl=73 lt=0 revr=0)
21-05:37:54.677 [VRB] [HEAP-TEL] boundary: -760 bytes (bma=74 phl=73)
21-05:37:54.682 [VRB] [HEAP-TEL] inbound: -976 bytes (heap=167832 pin=41 bma=74 phl=75 lt=0 revr=0)
21-05:37:54.816 [VRB] [HEAP-TEL] jobs: 312 bytes (heap=168952)
21-05:37:54.860 [VRB] [HEAP-TEL] boundary: -760 bytes (bma=76 phl=75)
21-05:37:54.865 [VRB] [HEAP-TEL] inbound: -1176 bytes (heap=167412 pin=42 bma=76 phl=77 lt=0 revr=0)
21-05:37:55.068 [VRB] [HEAP-TEL] jobs: 156 bytes (heap=168392)
21-05:37:55.575 [VRB] [HEAP-TEL] boundary: -776 bytes (bma=78 phl=77)
21-05:37:55.579 [VRB] [HEAP-TEL] inbound: -1192 bytes (heap=166784 pin=43 bma=78 phl=79 lt=0 revr=0)
21-05:37:55.584 [VRB] [HEAP-TEL] boundary: -780 bytes (bma=80 phl=79)
21-05:37:55.590 [VRB] [HEAP-TEL] inbound: -1192 bytes (heap=166068 pin=44 bma=80 phl=81 lt=0 revr=0)
21-05:37:55.594 [VRB] [HEAP-TEL] boundary: -760 bytes (bma=82 phl=81)
21-05:37:55.599 [VRB] [HEAP-TEL] inbound: -1188 bytes (heap=165404 pin=45 bma=82 phl=83 lt=0 revr=0)
21-05:37:55.601 [VRB] [HEAP-TEL] jobs: 468 bytes (heap=166696)
21-05:37:56.801 [VRB] [HEAP-TEL] boundary: -780 bytes (bma=84 phl=83)
21-05:37:56.807 [VRB] [HEAP-TEL] inbound: -1208 bytes (heap=165136 pin=46 bma=84 phl=85 lt=0 revr=0)
21-05:37:56.816 [VRB] [HEAP-TEL] boundary: -544 bytes (bma=86 phl=85)
21-05:37:56.821 [VRB] [HEAP-TEL] inbound: -964 bytes (heap=164628 pin=47 bma=86 phl=87 lt=0 revr=0)
21-05:37:56.880 [VRB] [HEAP-TEL] jobs: 312 bytes (heap=165536)
21-05:37:57.313 [VRB] [HEAP-TEL] boundary: -760 bytes (bma=88 phl=87)
21-05:37:57.319 [VRB] [HEAP-TEL] inbound: -1204 bytes (heap=164188 pin=48 bma=88 phl=89 lt=0 revr=0)
21-05:37:57.396 [VRB] [HEAP-TEL] jobs: 156 bytes (heap=164944)
21-05:37:57.519 [VRB] [HEAP-TEL] boundary: -748 bytes (bma=90 phl=89)
21-05:37:57.525 [VRB] [HEAP-TEL] inbound: -1168 bytes (heap=163632 pin=49 bma=90 phl=91 lt=0 revr=0)
21-05:37:57.648 [VRB] [HEAP-TEL] jobs: 156 bytes (heap=164384)
21-05:37:57.827 [VRB] [HEAP-TEL] boundary: -756 bytes (bma=92 phl=91)
21-05:37:57.832 [VRB] [HEAP-TEL] inbound: -1168 bytes (heap=162864 pin=50 bma=92 phl=93 lt=0 revr=0)
21-05:37:57.836 [VRB] [HEAP-TEL] boundary: -776 bytes (bma=94 phl=93)
21-05:37:57.841 [VRB] [HEAP-TEL] inbound: -984 bytes (heap=162336 pin=51 bma=94 phl=95 lt=0 revr=0)
21-05:37:57.846 [VRB] [HEAP-TEL] boundary: -756 bytes (bma=96 phl=95)
21-05:37:57.851 [VRB] [HEAP-TEL] inbound: -1172 bytes (heap=161388 pin=52 bma=96 phl=97 lt=0 revr=0)
21-05:37:57.913 [VRB] [HEAP-TEL] jobs: 480 bytes (heap=162704)
21-05:37:58.032 [VRB] [HEAP-TEL] boundary: -556 bytes (bma=98 phl=97)
21-05:37:58.037 [VRB] [HEAP-TEL] inbound: -972 bytes (heap=161136 pin=53 bma=98 phl=99 lt=0 revr=0)
21-05:37:58.087 [VRB] [HEAP-TEL] boundary: -756 bytes (bma=100 phl=99)
21-05:37:58.092 [VRB] [HEAP-TEL] inbound: -1464 bytes (heap=160124 pin=54 bma=100 phl=101 lt=0 revr=0)
21-05:37:58.144 [VRB] [HEAP-TEL] boundary: -756 bytes (bma=102 phl=101)
21-05:37:58.150 [VRB] [HEAP-TEL] inbound: -1172 bytes (heap=159940 pin=55 bma=102 phl=103 lt=0 revr=0)
21-05:37:58.164 [VRB] [HEAP-TEL] jobs: 796 bytes (heap=161336)
21-05:37:58.340 [VRB] [HEAP-TEL] boundary: -540 bytes (bma=104 phl=100)
21-05:37:58.346 [VRB] [HEAP-TEL] inbound: -996 bytes (heap=159780 pin=56 bma=104 phl=102 lt=0 revr=0)
21-05:37:58.350 [VRB] [HEAP-TEL] boundary: -776 bytes (bma=106 phl=102)
21-05:37:58.355 [VRB] [HEAP-TEL] inbound: -1200 bytes (heap=159076 pin=57 bma=106 phl=104 lt=0 revr=0)
21-05:37:58.429 [VRB] [HEAP-TEL] jobs: 752 bytes (heap=160636)
21-05:37:58.546 [VRB] [HEAP-TEL] boundary: -764 bytes (bma=108 phl=100)
21-05:37:58.551 [VRB] [HEAP-TEL] inbound: -980 bytes (heap=159020 pin=58 bma=108 phl=102 lt=0 revr=0)
21-05:37:58.556 [VRB] [HEAP-TEL] boundary: -852 bytes (bma=110 phl=102)
21-05:37:58.561 [VRB] [HEAP-TEL] inbound: -1236 bytes (heap=158300 pin=59 bma=110 phl=104 lt=0 revr=0)
21-05:37:58.565 [VRB] [HEAP-TEL] boundary: -768 bytes (bma=112 phl=104)
21-05:37:58.570 [VRB] [HEAP-TEL] inbound: -1184 bytes (heap=157608 pin=60 bma=112 phl=106 lt=0 revr=0)
21-05:37:58.681 [VRB] [HEAP-TEL] jobs: 1124 bytes (heap=159560)
21-05:37:58.749 [VRB] [HEAP-TEL] boundary: -540 bytes (bma=114 phl=100)
21-05:37:58.753 [VRB] [HEAP-TEL] inbound: -960 bytes (heap=158248 pin=61 bma=114 phl=102 lt=0 revr=0)
21-05:37:58.758 [VRB] [HEAP-TEL] boundary: -748 bytes (bma=116 phl=102)
21-05:37:58.763 [VRB] [HEAP-TEL] inbound: -1164 bytes (heap=157536 pin=62 bma=116 phl=104 lt=0 revr=0)
21-05:37:58.853 [VRB] [HEAP-TEL] boundary: -760 bytes (bma=118 phl=104)
21-05:37:58.859 [VRB] [HEAP-TEL] inbound: -1172 bytes (heap=156584 pin=63 bma=118 phl=106 lt=0 revr=0)
21-05:37:58.881 [VRB] [HEAP-TEL] boundary: -556 bytes (bma=120 phl=106)
21-05:37:58.886 [VRB] [HEAP-TEL] inbound: -968 bytes (heap=155856 pin=64 bma=120 phl=108 lt=0 revr=0)
21-05:37:58.933 [VRB] [HEAP-TEL] jobs: 1500 bytes (heap=158196)
21-05:37:59.056 [VRB] [HEAP-TEL] boundary: -764 bytes (bma=122 phl=100)
21-05:37:59.061 [VRB] [HEAP-TEL] inbound: -1192 bytes (heap=156860 pin=65 bma=122 phl=102 lt=0 revr=0)
21-05:37:59.065 [VRB] [HEAP-TEL] boundary: -744 bytes (bma=124 phl=102)
21-05:37:59.070 [VRB] [HEAP-TEL] inbound: -1176 bytes (heap=156136 pin=66 bma=124 phl=104 lt=0 revr=0)
21-05:37:59.102 [VRB] [HEAP-TEL] boundary: -764 bytes (bma=126 phl=104)
21-05:37:59.107 [VRB] [HEAP-TEL] inbound: -1192 bytes (heap=155156 pin=67 bma=126 phl=106 lt=0 revr=0)
21-05:37:59.185 [VRB] [HEAP-TEL] jobs: 1128 bytes (heap=157132)
21-05:37:59.875 [VRB] [HEAP-TEL] boundary: -548 bytes (bma=128 phl=100)
21-05:37:59.881 [VRB] [HEAP-TEL] inbound: -980 bytes (heap=155556 pin=68 bma=128 phl=102 lt=0 revr=0)
21-05:37:59.885 [VRB] [HEAP-TEL] boundary: -2828 bytes (bma=130 phl=102)
21-05:37:59.890 [VRB] [HEAP-TEL] inbound: -3264 bytes (heap=152744 pin=69 bma=130 phl=104 lt=0 revr=0)
21-05:37:59.939 [VRB] [HEAP-TEL] jobs: 968 bytes (heap=154560)
21-05:38:00.084 [VRB] [HEAP-TEL] boundary: -788 bytes (bma=130 phl=100)
21-05:38:00.088 [VRB] [HEAP-TEL] inbound: -1208 bytes (heap=153208 pin=70 bma=130 phl=102 lt=0 revr=0)
21-05:38:00.191 [VRB] [HEAP-TEL] jobs: 560 bytes (heap=154376)
21-05:38:00.701 [VRB] [HEAP-TEL] boundary: -760 bytes (bma=130 phl=100)
21-05:38:00.706 [VRB] [HEAP-TEL] inbound: -1180 bytes (heap=152796 pin=71 bma=130 phl=102 lt=0 revr=0)
21-05:38:00.866 [VRB] [HEAP-TEL] boundary: -776 bytes (bma=132 phl=102)
21-05:38:00.872 [VRB] [HEAP-TEL] inbound: -1188 bytes (heap=152076 pin=72 bma=132 phl=104 lt=0 revr=0)
21-05:38:00.945 [VRB] [HEAP-TEL] jobs: 1148 bytes (heap=154088)
21-05:38:01.924 [VRB] [HEAP-TEL] boundary: -764 bytes (bma=130 phl=100)
21-05:38:01.930 [VRB] [HEAP-TEL] inbound: -1184 bytes (heap=152532 pin=73 bma=130 phl=102 lt=0 revr=0)
21-05:38:02.439 [VRB] [HEAP-TEL] boundary: -768 bytes (bma=132 phl=102)
21-05:38:02.443 [VRB] [HEAP-TEL] inbound: -1032 bytes (heap=151956 pin=76 bma=132 phl=104 lt=0 revr=0)
21-05:38:02.448 [VRB] [HEAP-TEL] boundary: -752 bytes (bma=134 phl=104)
21-05:38:02.453 [VRB] [HEAP-TEL] inbound: -1168 bytes (heap=151244 pin=77 bma=134 phl=106 lt=0 revr=0)
21-05:38:02.493 [VRB] [HEAP-TEL] jobs: 1748 bytes (heap=153820)
21-05:38:02.644 [VRB] [HEAP-TEL] boundary: -764 bytes (bma=130 phl=100)
21-05:38:02.648 [VRB] [HEAP-TEL] inbound: -1044 bytes (heap=152424 pin=78 bma=130 phl=102 lt=0 revr=0)
21-05:38:02.759 [VRB] [HEAP-TEL] jobs: 584 bytes (heap=153812)
21-05:38:03.280 [VRB] [HEAP-TEL] boundary: -748 bytes (bma=130 phl=100)
21-05:38:03.286 [VRB] [HEAP-TEL] inbound: -1212 bytes (heap=152204 pin=79 bma=130 phl=102 lt=0 revr=0)
21-05:38:03.290 [VRB] [HEAP-TEL] boundary: -752 bytes (bma=132 phl=102)
21-05:38:03.295 [VRB] [HEAP-TEL] inbound: -1200 bytes (heap=151504 pin=80 bma=132 phl=104 lt=0 revr=0)
21-05:38:03.297 [VRB] [HEAP-TEL] jobs: 1120 bytes (heap=153432)
21-05:38:04.422 [VRB] [HEAP-TEL] boundary: -764 bytes (bma=130 phl=100)
21-05:38:04.426 [VRB] [HEAP-TEL] inbound: -1200 bytes (heap=151868 pin=81 bma=130 phl=102 lt=0 revr=0)
21-05:38:04.560 [VRB] [HEAP-TEL] jobs: 592 bytes (heap=153280)
21-05:38:04.591 [VRB] [HEAP-TEL] boundary: -752 bytes (bma=130 phl=100)
21-05:38:04.596 [VRB] [HEAP-TEL] inbound: -988 bytes (heap=151672 pin=82 bma=130 phl=102 lt=0 revr=0)
21-05:38:04.600 [VRB] [HEAP-TEL] boundary: -748 bytes (bma=132 phl=102)
21-05:38:04.606 [VRB] [HEAP-TEL] inbound: -1384 bytes (heap=150796 pin=83 bma=132 phl=104 lt=0 revr=0)
21-05:38:04.657 [VRB] [HEAP-TEL] boundary: -768 bytes (bma=134 phl=104)
21-05:38:04.662 [VRB] [HEAP-TEL] inbound: -1204 bytes (heap=150256 pin=84 bma=134 phl=106 lt=0 revr=0)
21-05:38:04.791 [VRB] [HEAP-TEL] boundary: -764 bytes (bma=136 phl=106)
21-05:38:04.796 [VRB] [HEAP-TEL] inbound: -1204 bytes (heap=149684 pin=85 bma=136 phl=108 lt=0 revr=0)
21-05:38:04.800 [VRB] [HEAP-TEL] boundary: -744 bytes (bma=138 phl=108)
21-05:38:04.804 [VRB] [HEAP-TEL] inbound: -1172 bytes (heap=149008 pin=86 bma=138 phl=110 lt=0 revr=0)
21-05:38:04.837 [VRB] [HEAP-TEL] jobs: 2816 bytes (heap=152420)
21-05:38:05.613 [VRB] [HEAP-TEL] boundary: -764 bytes (bma=130 phl=100)
21-05:38:05.618 [VRB] [HEAP-TEL] inbound: -1200 bytes (heap=150884 pin=87 bma=130 phl=102 lt=0 revr=0)
21-05:38:05.622 [VRB] [HEAP-TEL] boundary: -752 bytes (bma=132 phl=102)
21-05:38:05.627 [VRB] [HEAP-TEL] inbound: -1172 bytes (heap=150356 pin=88 bma=132 phl=104 lt=0 revr=0)
21-05:38:05.631 [VRB] [HEAP-TEL] boundary: -748 bytes (bma=134 phl=104)
21-05:38:05.636 [VRB] [HEAP-TEL] inbound: -1184 bytes (heap=149624 pin=89 bma=134 phl=106 lt=0 revr=0)
21-05:38:05.640 [VRB] [HEAP-TEL] boundary: -756 bytes (bma=136 phl=106)
21-05:38:05.645 [VRB] [HEAP-TEL] inbound: -1172 bytes (heap=148904 pin=90 bma=136 phl=108 lt=0 revr=0)
21-05:38:05.649 [VRB] [HEAP-TEL] boundary: -760 bytes (bma=138 phl=108)
21-05:38:05.654 [VRB] [HEAP-TEL] inbound: -1172 bytes (heap=148188 pin=91 bma=138 phl=110 lt=0 revr=0)
21-05:38:05.715 [VRB] [HEAP-TEL] boundary: -748 bytes (bma=140 phl=110)
21-05:38:05.720 [VRB] [HEAP-TEL] inbound: -1164 bytes (heap=147248 pin=92 bma=140 phl=112 lt=0 revr=0)
21-05:38:05.873 [VRB] [HEAP-TEL] boundary: -760 bytes (bma=142 phl=112)
21-05:38:05.879 [VRB] [HEAP-TEL] inbound: -1172 bytes (heap=146544 pin=93 bma=142 phl=114 lt=0 revr=0)
21-05:38:05.883 [VRB] [HEAP-TEL] boundary: -748 bytes (bma=144 phl=114)
21-05:38:05.888 [VRB] [HEAP-TEL] inbound: -1160 bytes (heap=145844 pin=94 bma=144 phl=116 lt=0 revr=0)
21-05:38:05.890 [VRB] [HEAP-TEL] jobs: 4616 bytes (heap=151276)
21-05:38:05.923 [VRB] [HEAP-TEL] boundary: -756 bytes (bma=130 phl=100)
21-05:38:05.928 [VRB] [HEAP-TEL] inbound: -1188 bytes (heap=149736 pin=95 bma=130 phl=102 lt=0 revr=0)
21-05:38:06.048 [VRB] [HEAP-TEL] boundary: -552 bytes (bma=132 phl=102)
21-05:38:06.053 [VRB] [HEAP-TEL] inbound: -988 bytes (heap=148992 pin=96 bma=132 phl=104 lt=0 revr=0)
21-05:38:06.066 [VRB] [HEAP-TEL] boundary: -752 bytes (bma=134 phl=104)
21-05:38:06.071 [VRB] [HEAP-TEL] inbound: -1176 bytes (heap=148476 pin=97 bma=134 phl=106 lt=0 revr=0)
21-05:38:06.141 [VRB] [HEAP-TEL] jobs: 1708 bytes (heap=150784)
[TcpIF] Connecting to rns.beleth.net:4242 (cached IP)...
[TcpIF] Cached IP failed, retrying with DNS
[TcpIF] Connecting to rns.beleth.net:4242 (DNS)...
[TcpIF] Resolved rns.beleth.net -> 129.213.74.184
[TcpIF] Failed to connect to rns.beleth.net:4242 (attempt 2, next retry in 40s)
21-05:38:18.572 [VRB] [HEAP-TEL] boundary: -748 bytes (bma=130 phl=100)
21-05:38:18.577 [VRB] [HEAP-TEL] inbound: -1024 bytes (heap=149476 pin=98 bma=130 phl=102 lt=0 revr=0)
21-05:38:18.582 [VRB] [HEAP-TEL] boundary: -760 bytes (bma=132 phl=102)
21-05:38:18.587 [VRB] [HEAP-TEL] inbound: -1036 bytes (heap=148892 pin=99 bma=132 phl=104 lt=0 revr=0)
21-05:38:18.595 [VRB] [HEAP-TEL] boundary: -756 bytes (bma=134 phl=104)
21-05:38:18.600 [VRB] [HEAP-TEL] inbound: -1028 bytes (heap=148316 pin=101 bma=134 phl=106 lt=0 revr=0)
21-05:38:18.604 [VRB] [HEAP-TEL] boundary: -752 bytes (bma=136 phl=106)
21-05:38:18.609 [VRB] [HEAP-TEL] inbound: -1168 bytes (heap=147600 pin=102 bma=136 phl=108 lt=0 revr=0)
21-05:38:18.613 [VRB] [HEAP-TEL] boundary: -764 bytes (bma=138 phl=108)
21-05:38:18.618 [VRB] [HEAP-TEL] inbound: -1036 bytes (heap=147016 pin=103 bma=138 phl=110 lt=0 revr=0)
21-05:38:18.622 [VRB] [HEAP-TEL] boundary: -752 bytes (bma=140 phl=110)
21-05:38:18.627 [VRB] [HEAP-TEL] inbound: -1176 bytes (heap=146332 pin=104 bma=140 phl=112 lt=0 revr=0)
21-05:38:18.833 [VRB] [HEAP-TEL] jobs: 3440 bytes (heap=150368)
21-05:38:25.683 [VRB] [HEAP-TEL] boundary: -744 bytes (bma=130 phl=100)
21-05:38:25.687 [VRB] [HEAP-TEL] inbound: -1168 bytes (heap=148844 pin=105 bma=130 phl=102 lt=0 revr=0)
21-05:38:25.692 [VRB] [HEAP-TEL] boundary: -744 bytes (bma=132 phl=102)
21-05:38:25.697 [VRB] [HEAP-TEL] inbound: -1176 bytes (heap=148120 pin=106 bma=132 phl=104 lt=0 revr=0)
21-05:38:25.798 [VRB] [HEAP-TEL] jobs: 1136 bytes (heap=150064)
21-05:38:26.095 [VRB] [HEAP-TEL] boundary: -748 bytes (bma=130 phl=100)
21-05:38:26.100 [VRB] [HEAP-TEL] inbound: -1184 bytes (heap=148480 pin=107 bma=130 phl=102 lt=0 revr=0)
21-05:38:26.104 [VRB] [HEAP-TEL] boundary: -752 bytes (bma=132 phl=102)
21-05:38:26.109 [VRB] [HEAP-TEL] inbound: -1184 bytes (heap=147752 pin=108 bma=132 phl=104 lt=0 revr=0)
21-05:38:26.113 [VRB] [HEAP-TEL] boundary: -760 bytes (bma=134 phl=104)
21-05:38:26.118 [VRB] [HEAP-TEL] inbound: -1180 bytes (heap=147024 pin=109 bma=134 phl=106 lt=0 revr=0)
21-05:38:26.122 [VRB] [HEAP-TEL] boundary: -764 bytes (bma=136 phl=106)
21-05:38:26.127 [VRB] [HEAP-TEL] inbound: -1044 bytes (heap=146432 pin=110 bma=136 phl=108 lt=0 revr=0)
21-05:38:26.131 [VRB] [HEAP-TEL] boundary: -768 bytes (bma=138 phl=108)
21-05:38:26.136 [VRB] [HEAP-TEL] inbound: -1208 bytes (heap=145680 pin=111 bma=138 phl=110 lt=0 revr=0)
21-05:38:26.140 [VRB] [HEAP-TEL] boundary: -764 bytes (bma=140 phl=110)
21-05:38:26.145 [VRB] [HEAP-TEL] inbound: -1180 bytes (heap=144960 pin=112 bma=140 phl=112 lt=0 revr=0)
21-05:38:26.150 [VRB] [HEAP-TEL] boundary: -776 bytes (bma=142 phl=112)
21-05:38:26.155 [VRB] [HEAP-TEL] inbound: -1204 bytes (heap=144220 pin=113 bma=142 phl=114 lt=0 revr=0)
21-05:38:26.159 [VRB] [HEAP-TEL] boundary: -776 bytes (bma=144 phl=114)
21-05:38:26.164 [VRB] [HEAP-TEL] inbound: -1196 bytes (heap=143488 pin=114 bma=144 phl=116 lt=0 revr=0)
21-05:38:26.168 [VRB] [HEAP-TEL] boundary: -764 bytes (bma=146 phl=116)
21-05:38:26.173 [VRB] [HEAP-TEL] inbound: -1180 bytes (heap=142772 pin=115 bma=146 phl=118 lt=0 revr=0)
21-05:38:26.177 [VRB] [HEAP-TEL] boundary: -756 bytes (bma=148 phl=118)
21-05:38:26.182 [VRB] [HEAP-TEL] inbound: -1172 bytes (heap=142056 pin=116 bma=148 phl=120 lt=0 revr=0)
21-05:38:26.186 [VRB] [HEAP-TEL] boundary: -772 bytes (bma=150 phl=120)
21-05:38:26.191 [VRB] [HEAP-TEL] inbound: -1184 bytes (heap=141336 pin=117 bma=150 phl=122 lt=0 revr=0)
21-05:38:26.195 [VRB] [HEAP-TEL] boundary: -784 bytes (bma=152 phl=122)
21-05:38:26.200 [VRB] [HEAP-TEL] inbound: -1196 bytes (heap=140604 pin=118 bma=152 phl=124 lt=0 revr=0)
21-05:38:26.204 [VRB] [HEAP-TEL] boundary: -792 bytes (bma=154 phl=124)
21-05:38:26.209 [VRB] [HEAP-TEL] inbound: -1204 bytes (heap=139888 pin=119 bma=154 phl=126 lt=0 revr=0)
21-05:38:26.213 [VRB] [HEAP-TEL] boundary: -776 bytes (bma=156 phl=126)
21-05:38:26.217 [VRB] [HEAP-TEL] inbound: -1192 bytes (heap=139176 pin=120 bma=156 phl=128 lt=0 revr=0)
21-05:38:26.221 [VRB] [HEAP-TEL] boundary: -776 bytes (bma=158 phl=128)
21-05:38:26.226 [VRB] [HEAP-TEL] inbound: -3236 bytes (heap=136416 pin=121 bma=158 phl=130 lt=0 revr=0)
21-05:38:26.230 [VRB] [HEAP-TEL] boundary: -784 bytes (bma=160 phl=130)
21-05:38:26.235 [VRB] [HEAP-TEL] inbound: -1196 bytes (heap=135684 pin=122 bma=160 phl=132 lt=0 revr=0)
21-05:38:26.239 [VRB] [HEAP-TEL] boundary: -792 bytes (bma=162 phl=132)
21-05:38:26.244 [VRB] [HEAP-TEL] inbound: -1208 bytes (heap=134964 pin=123 bma=162 phl=134 lt=0 revr=0)
21-05:38:26.248 [VRB] [HEAP-TEL] boundary: -772 bytes (bma=164 phl=134)
21-05:38:26.253 [VRB] [HEAP-TEL] inbound: -1184 bytes (heap=134260 pin=124 bma=164 phl=136 lt=0 revr=0)
21-05:38:26.257 [VRB] [HEAP-TEL] boundary: -772 bytes (bma=166 phl=136)
21-05:38:26.262 [VRB] [HEAP-TEL] inbound: -1036 bytes (heap=133700 pin=125 bma=166 phl=138 lt=0 revr=0)
21-05:38:26.266 [VRB] [HEAP-TEL] boundary: -764 bytes (bma=168 phl=138)
21-05:38:26.271 [VRB] [HEAP-TEL] inbound: -1184 bytes (heap=132996 pin=126 bma=168 phl=140 lt=0 revr=0)
21-05:38:26.275 [VRB] [HEAP-TEL] boundary: -768 bytes (bma=170 phl=140)
21-05:38:26.281 [VRB] [HEAP-TEL] inbound: -1336 bytes (heap=132172 pin=127 bma=170 phl=142 lt=0 revr=0)
21-05:38:26.285 [VRB] [HEAP-TEL] boundary: -768 bytes (bma=172 phl=142)
21-05:38:26.290 [VRB] [HEAP-TEL] inbound: -1052 bytes (heap=131596 pin=128 bma=172 phl=144 lt=0 revr=0)
21-05:38:26.296 [VRB] [HEAP-TEL] boundary: -548 bytes (bma=174 phl=144)
21-05:38:26.301 [VRB] [HEAP-TEL] inbound: -964 bytes (heap=130716 pin=129 bma=174 phl=146 lt=0 revr=0)
21-05:38:26.305 [VRB] [HEAP-TEL] boundary: -752 bytes (bma=176 phl=146)
21-05:38:26.310 [VRB] [HEAP-TEL] inbound: -1176 bytes (heap=129992 pin=130 bma=176 phl=148 lt=0 revr=0)
21-05:38:26.314 [VRB] [HEAP-TEL] boundary: -752 bytes (bma=178 phl=148)
21-05:38:26.319 [VRB] [HEAP-TEL] inbound: -1168 bytes (heap=129280 pin=131 bma=178 phl=150 lt=0 revr=0)
21-05:38:26.323 [VRB] [HEAP-TEL] boundary: -752 bytes (bma=180 phl=150)
21-05:38:26.328 [VRB] [HEAP-TEL] inbound: -1164 bytes (heap=128572 pin=132 bma=180 phl=152 lt=0 revr=0)
21-05:38:26.332 [VRB] [HEAP-TEL] boundary: -748 bytes (bma=182 phl=152)
21-05:38:26.337 [VRB] [HEAP-TEL] inbound: -1160 bytes (heap=127868 pin=133 bma=182 phl=154 lt=0 revr=0)
21-05:38:26.341 [VRB] [HEAP-TEL] boundary: -752 bytes (bma=184 phl=154)
21-05:38:26.346 [VRB] [HEAP-TEL] inbound: -1164 bytes (heap=127160 pin=134 bma=184 phl=156 lt=0 revr=0)
21-05:38:26.350 [VRB] [HEAP-TEL] boundary: -752 bytes (bma=186 phl=156)
21-05:38:26.355 [VRB] [HEAP-TEL] inbound: -1168 bytes (heap=126448 pin=135 bma=186 phl=158 lt=0 revr=0)
21-05:38:26.359 [VRB] [HEAP-TEL] boundary: -748 bytes (bma=188 phl=158)
21-05:38:26.364 [VRB] [HEAP-TEL] inbound: -1020 bytes (heap=125884 pin=136 bma=188 phl=160 lt=0 revr=0)
21-05:38:26.368 [VRB] [HEAP-TEL] boundary: -764 bytes (bma=190 phl=160)
21-05:38:26.373 [VRB] [HEAP-TEL] inbound: -1176 bytes (heap=125164 pin=137 bma=190 phl=162 lt=0 revr=0)
21-05:38:26.377 [VRB] [HEAP-TEL] boundary: -760 bytes (bma=192 phl=162)
21-05:38:26.382 [VRB] [HEAP-TEL] inbound: -1172 bytes (heap=124448 pin=138 bma=192 phl=164 lt=0 revr=0)
21-05:38:26.386 [VRB] [HEAP-TEL] boundary: -764 bytes (bma=194 phl=164)
21-05:38:26.391 [VRB] [HEAP-TEL] inbound: -1028 bytes (heap=123876 pin=139 bma=194 phl=166 lt=0 revr=0)
21-05:38:26.402 [VRB] [HEAP-TEL] boundary: -772 bytes (bma=196 phl=166)
21-05:38:26.407 [VRB] [HEAP-TEL] inbound: -1036 bytes (heap=123344 pin=141 bma=196 phl=168 lt=0 revr=0)
21-05:38:26.411 [VRB] [HEAP-TEL] boundary: -756 bytes (bma=198 phl=168)
21-05:38:26.416 [VRB] [HEAP-TEL] inbound: -1020 bytes (heap=122784 pin=142 bma=198 phl=170 lt=0 revr=0)
21-05:38:26.420 [VRB] [HEAP-TEL] boundary: -764 bytes (bma=200 phl=170)
21-05:38:26.425 [VRB] [HEAP-TEL] inbound: -1188 bytes (heap=122052 pin=143 bma=200 phl=172 lt=0 revr=0)
21-05:38:26.429 [VRB] [HEAP-TEL] boundary: -752 bytes (bma=202 phl=172)
21-05:38:26.434 [VRB] [HEAP-TEL] inbound: -1016 bytes (heap=121496 pin=144 bma=202 phl=174 lt=0 revr=0)
21-05:38:26.438 [VRB] [HEAP-TEL] boundary: -764 bytes (bma=204 phl=174)
21-05:38:26.443 [VRB] [HEAP-TEL] inbound: -1180 bytes (heap=120768 pin=145 bma=204 phl=176 lt=0 revr=0)
21-05:38:26.447 [VRB] [HEAP-TEL] boundary: -768 bytes (bma=206 phl=176)
21-05:38:26.452 [VRB] [HEAP-TEL] inbound: -1184 bytes (heap=120048 pin=146 bma=206 phl=178 lt=0 revr=0)
21-05:38:26.457 [VRB] [HEAP-TEL] boundary: -760 bytes (bma=208 phl=178)
21-05:38:26.462 [VRB] [HEAP-TEL] inbound: -1188 bytes (heap=119328 pin=147 bma=208 phl=180 lt=0 revr=0)
21-05:38:26.466 [VRB] [HEAP-TEL] boundary: -764 bytes (bma=210 phl=180)
21-05:38:26.471 [VRB] [HEAP-TEL] inbound: -1028 bytes (heap=118756 pin=148 bma=210 phl=182 lt=0 revr=0)
21-05:38:26.475 [VRB] [HEAP-TEL] boundary: -756 bytes (bma=212 phl=182)
21-05:38:26.480 [VRB] [HEAP-TEL] inbound: -1020 bytes (heap=118188 pin=149 bma=212 phl=184 lt=0 revr=0)
21-05:38:26.484 [VRB] [HEAP-TEL] boundary: -748 bytes (bma=214 phl=184)
21-05:38:26.489 [VRB] [HEAP-TEL] inbound: -1012 bytes (heap=117628 pin=150 bma=214 phl=186 lt=0 revr=0)
21-05:38:26.493 [VRB] [HEAP-TEL] boundary: -768 bytes (bma=216 phl=186)
21-05:38:26.498 [VRB] [HEAP-TEL] inbound: -1032 bytes (heap=117048 pin=151 bma=216 phl=188 lt=0 revr=0)
21-05:38:26.502 [VRB] [HEAP-TEL] boundary: -756 bytes (bma=218 phl=188)
21-05:38:26.507 [VRB] [HEAP-TEL] inbound: -1020 bytes (heap=116496 pin=152 bma=218 phl=190 lt=0 revr=0)
21-05:38:26.511 [VRB] [HEAP-TEL] boundary: -760 bytes (bma=220 phl=190)
21-05:38:26.515 [VRB] [HEAP-TEL] inbound: -1032 bytes (heap=115916 pin=153 bma=220 phl=192 lt=0 revr=0)
21-05:38:26.519 [VRB] [HEAP-TEL] boundary: -768 bytes (bma=222 phl=192)
21-05:38:26.524 [VRB] [HEAP-TEL] inbound: -1032 bytes (heap=115348 pin=154 bma=222 phl=194 lt=0 revr=0)
21-05:38:26.528 [VRB] [HEAP-TEL] boundary: -760 bytes (bma=224 phl=194)
21-05:38:26.533 [VRB] [HEAP-TEL] inbound: -1024 bytes (heap=114788 pin=155 bma=224 phl=196 lt=0 revr=0)
21-05:38:26.537 [VRB] [HEAP-TEL] boundary: -748 bytes (bma=226 phl=196)
21-05:38:26.542 [VRB] [HEAP-TEL] inbound: -1012 bytes (heap=114228 pin=156 bma=226 phl=198 lt=0 revr=0)
21-05:38:26.546 [VRB] [HEAP-TEL] boundary: -752 bytes (bma=228 phl=198)
21-05:38:26.551 [VRB] [HEAP-TEL] inbound: -1016 bytes (heap=113664 pin=157 bma=228 phl=200 lt=0 revr=0)
21-05:38:26.555 [VRB] [HEAP-TEL] boundary: -752 bytes (bma=230 phl=200)
21-05:38:26.560 [VRB] [HEAP-TEL] inbound: -1016 bytes (heap=113100 pin=158 bma=230 phl=202 lt=0 revr=0)
21-05:38:26.564 [VRB] [HEAP-TEL] boundary: -752 bytes (bma=232 phl=202)
21-05:38:26.569 [VRB] [HEAP-TEL] inbound: -1016 bytes (heap=112536 pin=159 bma=232 phl=204 lt=0 revr=0)
21-05:38:26.573 [VRB] [HEAP-TEL] boundary: -752 bytes (bma=234 phl=204)
21-05:38:26.578 [VRB] [HEAP-TEL] inbound: -1016 bytes (heap=111972 pin=160 bma=234 phl=206 lt=0 revr=0)
21-05:38:26.582 [VRB] [HEAP-TEL] boundary: -756 bytes (bma=236 phl=206)
21-05:38:26.587 [VRB] [HEAP-TEL] inbound: -1172 bytes (heap=111344 pin=161 bma=236 phl=208 lt=0 revr=0)
21-05:38:26.591 [VRB] [HEAP-TEL] boundary: -768 bytes (bma=238 phl=208)
21-05:38:26.596 [VRB] [HEAP-TEL] inbound: -1032 bytes (heap=110764 pin=162 bma=238 phl=210 lt=0 revr=0)
21-05:38:26.600 [VRB] [HEAP-TEL] boundary: -772 bytes (bma=240 phl=210)
21-05:38:26.605 [VRB] [HEAP-TEL] inbound: -1036 bytes (heap=110184 pin=163 bma=240 phl=212 lt=0 revr=0)
21-05:38:26.609 [VRB] [HEAP-TEL] boundary: -760 bytes (bma=242 phl=212)
21-05:38:26.614 [VRB] [HEAP-TEL] inbound: -1180 bytes (heap=109460 pin=164 bma=242 phl=214 lt=0 revr=0)
21-05:38:26.622 [VRB] [HEAP-TEL] boundary: -764 bytes (bma=244 phl=214)
21-05:38:26.628 [VRB] [HEAP-TEL] inbound: -1176 bytes (heap=108740 pin=166 bma=244 phl=216 lt=0 revr=0)
21-05:38:26.632 [VRB] [HEAP-TEL] boundary: -756 bytes (bma=246 phl=216)
21-05:38:26.637 [VRB] [HEAP-TEL] inbound: -1172 bytes (heap=108024 pin=167 bma=246 phl=218 lt=0 revr=0)
21-05:38:26.641 [VRB] [HEAP-TEL] boundary: -752 bytes (bma=248 phl=218)
21-05:38:26.646 [VRB] [HEAP-TEL] inbound: -1016 bytes (heap=107464 pin=168 bma=248 phl=220 lt=0 revr=0)
21-05:38:26.650 [VRB] [HEAP-TEL] boundary: -752 bytes (bma=250 phl=220)
21-05:38:26.655 [VRB] [HEAP-TEL] inbound: -1164 bytes (heap=106756 pin=169 bma=250 phl=222 lt=0 revr=0)
21-05:38:26.659 [VRB] [HEAP-TEL] boundary: -752 bytes (bma=252 phl=222)
21-05:38:26.664 [VRB] [HEAP-TEL] inbound: -1168 bytes (heap=106044 pin=170 bma=252 phl=224 lt=0 revr=0)
21-05:38:26.668 [VRB] [HEAP-TEL] boundary: -752 bytes (bma=254 phl=224)
21-05:38:26.673 [VRB] [HEAP-TEL] inbound: -1016 bytes (heap=105480 pin=171 bma=254 phl=226 lt=0 revr=0)
21-05:38:26.683 [VRB] [HEAP-TEL] boundary: -748 bytes (bma=256 phl=226)
21-05:38:26.688 [VRB] [HEAP-TEL] inbound: -1308 bytes (heap=104628 pin=173 bma=256 phl=228 lt=0 revr=0)
21-05:38:26.699 [VRB] [HEAP-TEL] boundary: -616 bytes (bma=260 phl=230)
21-05:38:26.704 [VRB] [HEAP-TEL] inbound: -1072 bytes (heap=107408 pin=175 bma=260 phl=232 lt=0 revr=0)
21-05:38:26.710 [VRB] [HEAP-TEL] boundary: -756 bytes (bma=262 phl=232)
21-05:38:26.716 [VRB] [HEAP-TEL] inbound: -1172 bytes (heap=106772 pin=176 bma=262 phl=234 lt=0 revr=0)
21-05:38:26.720 [VRB] [HEAP-TEL] boundary: -760 bytes (bma=264 phl=234)
21-05:38:26.725 [VRB] [HEAP-TEL] inbound: -1176 bytes (heap=106048 pin=177 bma=264 phl=236 lt=0 revr=0)
21-05:38:26.729 [VRB] [HEAP-TEL] boundary: -756 bytes (bma=266 phl=236)
21-05:38:26.734 [VRB] [HEAP-TEL] inbound: -1172 bytes (heap=105332 pin=178 bma=266 phl=238 lt=0 revr=0)
21-05:38:26.738 [VRB] [HEAP-TEL] boundary: -752 bytes (bma=268 phl=238)
21-05:38:26.743 [VRB] [HEAP-TEL] inbound: -1168 bytes (heap=104620 pin=179 bma=268 phl=240 lt=0 revr=0)
21-05:38:26.747 [VRB] [HEAP-TEL] boundary: -772 bytes (bma=270 phl=240)
21-05:38:26.752 [VRB] [HEAP-TEL] inbound: -1188 bytes (heap=103888 pin=180 bma=270 phl=242 lt=0 revr=0)
21-05:38:26.758 [VRB] [HEAP-TEL] jobs: 40516 bytes (heap=145220)
21-05:38:27.728 [VRB] [HEAP-TEL] boundary: -752 bytes (bma=130 phl=100)
21-05:38:27.732 [VRB] [HEAP-TEL] inbound: -1168 bytes (heap=143700 pin=181 bma=130 phl=102 lt=0 revr=0)
21-05:38:27.763 [VRB] [HEAP-TEL] jobs: 580 bytes (heap=145092)
21-05:38:27.898 [VRB] [HEAP-TEL] boundary: -752 bytes (bma=130 phl=100)
21-05:38:27.903 [VRB] [HEAP-TEL] inbound: -1020 bytes (heap=143720 pin=182 bma=130 phl=102 lt=0 revr=0)
21-05:38:28.015 [VRB] [HEAP-TEL] jobs: 588 bytes (heap=145120)
21-05:38:28.549 [VRB] [HEAP-TEL] boundary: -756 bytes (bma=130 phl=100)
21-05:38:28.553 [VRB] [HEAP-TEL] inbound: -1044 bytes (heap=143724 pin=183 bma=130 phl=102 lt=0 revr=0)
21-05:38:28.558 [VRB] [HEAP-TEL] boundary: -760 bytes (bma=132 phl=102)
21-05:38:28.563 [VRB] [HEAP-TEL] inbound: -1176 bytes (heap=143008 pin=184 bma=132 phl=104 lt=0 revr=0)
21-05:38:28.572 [VRB] [HEAP-TEL] boundary: -772 bytes (bma=134 phl=104)
21-05:38:28.576 [VRB] [HEAP-TEL] inbound: -1060 bytes (heap=142408 pin=185 bma=134 phl=106 lt=0 revr=0)
21-05:38:28.688 [VRB] [HEAP-TEL] boundary: -800 bytes (bma=136 phl=106)
21-05:38:28.693 [VRB] [HEAP-TEL] inbound: -1080 bytes (heap=141792 pin=186 bma=136 phl=108 lt=0 revr=0)
21-05:38:28.768 [VRB] [HEAP-TEL] jobs: 2300 bytes (heap=144908)
21-05:38:28.861 [VRB] [HEAP-TEL] boundary: -780 bytes (bma=130 phl=100)
21-05:38:28.866 [VRB] [HEAP-TEL] inbound: -848 bytes (heap=143500 pin=187 bma=130 phl=102 lt=0 revr=0)
21-05:38:29.031 [VRB] [HEAP-TEL] jobs: 568 bytes (heap=144884)
21-05:38:29.572 [VRB] [HEAP-TEL] boundary: -784 bytes (bma=130 phl=100)
21-05:38:29.578 [VRB] [HEAP-TEL] inbound: -1224 bytes (heap=143516 pin=188 bma=130 phl=102 lt=0 revr=0)
21-05:38:29.582 [VRB] [HEAP-TEL] boundary: -764 bytes (bma=132 phl=102)
21-05:38:29.587 [VRB] [HEAP-TEL] inbound: -1200 bytes (heap=142780 pin=189 bma=132 phl=104 lt=0 revr=0)
21-05:38:29.673 [VRB] [HEAP-TEL] boundary: -772 bytes (bma=134 phl=104)
21-05:38:29.677 [VRB] [HEAP-TEL] inbound: -1192 bytes (heap=142052 pin=190 bma=134 phl=106 lt=0 revr=0)
21-05:38:29.780 [VRB] [HEAP-TEL] boundary: -760 bytes (bma=136 phl=106)
21-05:38:29.786 [VRB] [HEAP-TEL] inbound: -1176 bytes (heap=141336 pin=191 bma=136 phl=108 lt=0 revr=0)
21-05:38:29.798 [VRB] [HEAP-TEL] jobs: 2284 bytes (heap=144228)
21-05:38:30.288 [VRB] [HEAP-TEL] boundary: -752 bytes (bma=130 phl=100)
21-05:38:30.293 [VRB] [HEAP-TEL] inbound: -1188 bytes (heap=142896 pin=192 bma=130 phl=102 lt=0 revr=0)
21-05:38:30.314 [VRB] [HEAP-TEL] jobs: 564 bytes (heap=144064)
21-05:38:30.698 [VRB] [HEAP-TEL] boundary: -760 bytes (bma=130 phl=100)
21-05:38:30.702 [VRB] [HEAP-TEL] inbound: -1028 bytes (heap=142660 pin=196 bma=130 phl=102 lt=0 revr=0)
21-05:38:30.833 [VRB] [HEAP-TEL] jobs: 572 bytes (heap=144064)
21-05:38:33.173 [VRB] [HEAP-TEL] boundary: -748 bytes (bma=130 phl=100)
21-05:38:33.179 [VRB] [HEAP-TEL] inbound: -1164 bytes (heap=142704 pin=199 bma=130 phl=102 lt=0 revr=0)
21-05:38:33.183 [VRB] [HEAP-TEL] boundary: -756 bytes (bma=132 phl=102)
21-05:38:33.188 [VRB] [HEAP-TEL] inbound: -1024 bytes (heap=142136 pin=200 bma=132 phl=104 lt=0 revr=0)
21-05:38:33.192 [VRB] [HEAP-TEL] boundary: -768 bytes (bma=134 phl=104)
21-05:38:33.197 [VRB] [HEAP-TEL] inbound: -1044 bytes (heap=141600 pin=201 bma=134 phl=106 lt=0 revr=0)
21-05:38:33.209 [VRB] [HEAP-TEL] boundary: -764 bytes (bma=136 phl=106)
21-05:38:33.214 [VRB] [HEAP-TEL] inbound: -1028 bytes (heap=140808 pin=202 bma=136 phl=108 lt=0 revr=0)
21-05:38:33.285 [VRB] [HEAP-TEL] boundary: -768 bytes (bma=138 phl=108)
21-05:38:33.289 [VRB] [HEAP-TEL] inbound: -1048 bytes (heap=140204 pin=203 bma=138 phl=110 lt=0 revr=0)
21-05:38:33.387 [VRB] [HEAP-TEL] boundary: -764 bytes (bma=140 phl=110)
21-05:38:33.393 [VRB] [HEAP-TEL] inbound: -1232 bytes (heap=139440 pin=204 bma=140 phl=112 lt=0 revr=0)
21-05:38:33.397 [VRB] [HEAP-TEL] boundary: -764 bytes (bma=142 phl=112)
21-05:38:33.402 [VRB] [HEAP-TEL] inbound: -1028 bytes (heap=138924 pin=205 bma=142 phl=114 lt=0 revr=0)
21-05:38:33.413 [VRB] [HEAP-TEL] jobs: 3972 bytes (heap=143740)
21-05:38:33.586 [VRB] [HEAP-TEL] boundary: -764 bytes (bma=130 phl=100)
21-05:38:33.592 [VRB] [HEAP-TEL] inbound: -828 bytes (heap=142560 pin=206 bma=130 phl=102 lt=0 revr=0)
21-05:38:33.596 [VRB] [HEAP-TEL] boundary: -768 bytes (bma=132 phl=102)
21-05:38:33.601 [VRB] [HEAP-TEL] inbound: -1044 bytes (heap=141976 pin=207 bma=132 phl=104 lt=0 revr=0)
21-05:38:33.680 [VRB] [HEAP-TEL] jobs: 1120 bytes (heap=143700)
21-05:38:34.717 [VRB] [HEAP-TEL] boundary: -772 bytes (bma=130 phl=100)
21-05:38:34.721 [VRB] [HEAP-TEL] inbound: -1184 bytes (heap=142152 pin=209 bma=130 phl=102 lt=0 revr=0)
21-05:38:34.724 [VRB] [HEAP-TEL] jobs: 556 bytes (heap=143536)
21-05:38:34.795 [VRB] [HEAP-TEL] boundary: -568 bytes (bma=130 phl=100)
21-05:38:34.799 [VRB] [HEAP-TEL] inbound: -836 bytes (heap=142128 pin=210 bma=130 phl=102 lt=0 revr=0)
21-05:38:34.975 [VRB] [HEAP-TEL] jobs: 576 bytes (heap=143548)
21-05:38:35.111 [VRB] [HEAP-TEL] boundary: -788 bytes (bma=130 phl=100)
21-05:38:35.115 [VRB] [HEAP-TEL] inbound: -1052 bytes (heap=142120 pin=211 bma=130 phl=102 lt=0 revr=0)
21-05:38:35.232 [VRB] [HEAP-TEL] jobs: 572 bytes (heap=143556)
21-05:38:35.613 [VRB] [HEAP-TEL] boundary: -772 bytes (bma=130 phl=100)
21-05:38:35.619 [VRB] [HEAP-TEL] inbound: -1200 bytes (heap=142004 pin=212 bma=130 phl=102 lt=0 revr=0)
21-05:38:35.681 [VRB] [HEAP-TEL] boundary: -756 bytes (bma=132 phl=102)
21-05:38:35.685 [VRB] [HEAP-TEL] inbound: -1024 bytes (heap=141440 pin=213 bma=132 phl=104 lt=0 revr=0)
21-05:38:35.750 [VRB] [HEAP-TEL] jobs: 1160 bytes (heap=143412)
21-05:38:37.363 [VRB] [HEAP-TEL] boundary: -780 bytes (bma=130 phl=100)
21-05:38:37.367 [VRB] [HEAP-TEL] inbound: -1052 bytes (heap=142216 pin=214 bma=130 phl=102 lt=0 revr=0)
21-05:38:38.074 [VRB] [HEAP-TEL] boundary: -780 bytes (bma=132 phl=102)
21-05:38:38.078 [VRB] [HEAP-TEL] inbound: -1056 bytes (heap=141396 pin=216 bma=132 phl=104 lt=0 revr=0)
21-05:38:38.334 [VRB] [HEAP-TEL] jobs: 1140 bytes (heap=143372)
21-05:38:38.591 [VRB] [HEAP-TEL] boundary: -780 bytes (bma=130 phl=100)
21-05:38:38.596 [VRB] [HEAP-TEL] inbound: -1052 bytes (heap=141728 pin=217 bma=130 phl=102 lt=0 revr=0)
21-05:38:38.600 [VRB] [HEAP-TEL] boundary: -572 bytes (bma=132 phl=102)
21-05:38:38.605 [VRB] [HEAP-TEL] inbound: -836 bytes (heap=141368 pin=218 bma=132 phl=104 lt=0 revr=0)
21-05:38:38.712 [VRB] mem: 143376 (48%) [-64456] flash: 3477504 (98%) [0] paths: 3 dsts: 5 revr: 0 annc: 0 held: 0
21-05:38:38.714 [VRB] preqs: 151 dpreqs: 0 ppreqs: 0 dprt: 32 cdsts: 2 chshs: 2
21-05:38:38.715 [VRB] phl: 100 rcp: 0 lt: 0 pl: 0 al: 0 tun: 0
21-05:38:38.716 [VRB] bla: 0 bma: 128
21-05:38:38.717 [VRB] pin: 218 pout: 202 padd: 0 dpr: 1 ikd: 0 ia: 0

21-05:38:38.718 [VRB] [HEAP-TEL] jobs: 1048 bytes (heap=143280)
21-05:38:38.722 [VRB] [HEAP-TEL] boundary: -772 bytes (bma=130 phl=100)
21-05:38:38.727 [VRB] [HEAP-TEL] inbound: -1048 bytes (heap=142184 pin=219 bma=130 phl=102 lt=0 revr=0)
21-05:38:38.732 [VRB] [HEAP-TEL] boundary: -768 bytes (bma=132 phl=102)
21-05:38:38.737 [VRB] [HEAP-TEL] inbound: -1192 bytes (heap=141452 pin=220 bma=132 phl=104 lt=0 revr=0)
21-05:38:38.792 [VRB] [HEAP-TEL] boundary: -828 bytes (bma=134 phl=104)
21-05:38:38.797 [VRB] [HEAP-TEL] inbound: -860 bytes (heap=140632 pin=221 bma=134 phl=106 lt=0 revr=0)
21-05:38:38.801 [VRB] [HEAP-TEL] boundary: -764 bytes (bma=136 phl=106)
21-05:38:38.806 [VRB] [HEAP-TEL] inbound: -1028 bytes (heap=140104 pin=222 bma=136 phl=108 lt=0 revr=0)
21-05:38:38.900 [VRB] [HEAP-TEL] boundary: -764 bytes (bma=138 phl=108)
21-05:38:38.904 [VRB] [HEAP-TEL] inbound: -1040 bytes (heap=139508 pin=223 bma=138 phl=110 lt=0 revr=0)
21-05:38:38.949 [VRB] [HEAP-TEL] boundary: -764 bytes (bma=140 phl=110)
21-05:38:38.953 [VRB] [HEAP-TEL] inbound: -1032 bytes (heap=138948 pin=224 bma=140 phl=112 lt=0 revr=0)
21-05:38:38.970 [VRB] [HEAP-TEL] jobs: 3444 bytes (heap=143232)
21-05:38:39.117 [VRB] [HEAP-TEL] boundary: -756 bytes (bma=130 phl=100)
21-05:38:39.121 [VRB] [HEAP-TEL] inbound: -1024 bytes (heap=141848 pin=225 bma=130 phl=102 lt=0 revr=0)
21-05:38:39.222 [VRB] [HEAP-TEL] jobs: 572 bytes (heap=143240)
21-05:38:39.816 [VRB] [HEAP-TEL] boundary: -768 bytes (bma=130 phl=100)
21-05:38:39.821 [VRB] [HEAP-TEL] inbound: -1192 bytes (heap=141688 pin=226 bma=130 phl=102 lt=0 revr=0)
21-05:38:39.977 [VRB] [HEAP-TEL] jobs: 556 bytes (heap=143064)
21-05:38:41.769 [VRB] [HEAP-TEL] boundary: -752 bytes (bma=130 phl=100)
21-05:38:41.774 [VRB] [HEAP-TEL] inbound: -1172 bytes (heap=141540 pin=227 bma=130 phl=102 lt=0 revr=0)
21-05:38:41.776 [VRB] [HEAP-TEL] jobs: 568 bytes (heap=142920)
21-05:38:43.193 [VRB] [HEAP-TEL] boundary: -764 bytes (bma=130 phl=100)
21-05:38:43.198 [VRB] [HEAP-TEL] inbound: -1180 bytes (heap=141544 pin=228 bma=130 phl=102 lt=0 revr=0)
21-05:38:43.202 [VRB] [HEAP-TEL] boundary: -752 bytes (bma=132 phl=102)
21-05:38:43.207 [VRB] [HEAP-TEL] inbound: -1164 bytes (heap=140840 pin=229 bma=132 phl=104 lt=0 revr=0)
21-05:38:43.213 [VRB] [HEAP-TEL] boundary: -552 bytes (bma=134 phl=104)
21-05:38:43.218 [VRB] [HEAP-TEL] inbound: -976 bytes (heap=140124 pin=230 bma=134 phl=106 lt=0 revr=0)
21-05:38:43.222 [VRB] [HEAP-TEL] boundary: -760 bytes (bma=136 phl=106)
21-05:38:43.227 [VRB] [HEAP-TEL] inbound: -1176 bytes (heap=139452 pin=231 bma=136 phl=108 lt=0 revr=0)
21-05:38:43.324 [VRB] [HEAP-TEL] jobs: 2260 bytes (heap=142316)
21-05:38:43.398 [VRB] [HEAP-TEL] boundary: -660 bytes (bma=130 phl=100)
21-05:38:43.402 [VRB] [HEAP-TEL] inbound: -1088 bytes (heap=140784 pin=232 bma=130 phl=102 lt=0 revr=0)
21-05:38:43.439 [VRB] [HEAP-TEL] boundary: -756 bytes (bma=132 phl=102)
21-05:38:43.444 [VRB] [HEAP-TEL] inbound: -1184 bytes (heap=140060 pin=233 bma=132 phl=104 lt=0 revr=0)
21-05:38:43.577 [VRB] [HEAP-TEL] jobs: 1132 bytes (heap=142008)
21-05:38:43.613 [VRB] [HEAP-TEL] boundary: -776 bytes (bma=130 phl=100)
21-05:38:43.617 [VRB] [HEAP-TEL] inbound: -1196 bytes (heap=140460 pin=234 bma=130 phl=102 lt=0 revr=0)
21-05:38:43.712 [VRB] [HEAP-TEL] boundary: -764 bytes (bma=132 phl=102)
21-05:38:43.716 [VRB] [HEAP-TEL] inbound: -1220 bytes (heap=139704 pin=235 bma=132 phl=104 lt=0 revr=0)
21-05:38:43.829 [VRB] [HEAP-TEL] jobs: 1132 bytes (heap=141652)
21-05:38:43.917 [VRB] [HEAP-TEL] boundary: -764 bytes (bma=130 phl=100)
21-05:38:43.922 [VRB] [HEAP-TEL] inbound: -1052 bytes (heap=140248 pin=236 bma=130 phl=102 lt=0 revr=0)
21-05:38:44.080 [VRB] [HEAP-TEL] jobs: 576 bytes (heap=141640)
21-05:38:44.131 [VRB] [HEAP-TEL] boundary: -768 bytes (bma=130 phl=100)
21-05:38:44.136 [VRB] [HEAP-TEL] inbound: -1208 bytes (heap=140080 pin=237 bma=130 phl=102 lt=0 revr=0)
21-05:38:45.650 [VRB] [HEAP-TEL] boundary: -768 bytes (bma=132 phl=102)
21-05:38:45.655 [VRB] [HEAP-TEL] inbound: -1188 bytes (heap=139360 pin=240 bma=132 phl=104 lt=0 revr=0)
21-05:38:45.864 [VRB] [HEAP-TEL] boundary: -752 bytes (bma=134 phl=104)
21-05:38:45.868 [VRB] [HEAP-TEL] inbound: -1180 bytes (heap=138636 pin=241 bma=134 phl=106 lt=0 revr=0)
21-05:38:45.871 [VRB] [HEAP-TEL] jobs: 1716 bytes (heap=141160)
21-05:38:46.551 [VRB] [Advertise] Building discovery announce
21-05:38:46.553 [VRB] [Advertise] Generating workblock + stamp (cost=14, this may take a few seconds)
21-05:39:25.861 [VRB] [Advertise] Sending interface discovery announce, payload size: 136 bytes
21-05:39:25.919 [VRB] [LoRa] TX 303 bytes
21-05:39:25.929 [VRB] [HEAP-TEL] boundary: -752 bytes (bma=130 phl=101)
21-05:39:25.934 [VRB] [HEAP-TEL] inbound: -1188 bytes (heap=135836 pin=243 bma=130 phl=103 lt=0 revr=0)
21-05:39:25.938 [VRB] [HEAP-TEL] boundary: -760 bytes (bma=132 phl=103)
21-05:39:25.943 [VRB] [HEAP-TEL] inbound: -1188 bytes (heap=135108 pin=244 bma=132 phl=105 lt=0 revr=0)
21-05:39:25.947 [VRB] [HEAP-TEL] boundary: -756 bytes (bma=134 phl=105)
21-05:39:25.952 [VRB] [HEAP-TEL] inbound: -1180 bytes (heap=134388 pin=245 bma=134 phl=107 lt=0 revr=0)
21-05:39:25.956 [VRB] [HEAP-TEL] boundary: -764 bytes (bma=136 phl=107)
21-05:39:25.961 [VRB] [HEAP-TEL] inbound: -1188 bytes (heap=133660 pin=246 bma=136 phl=109 lt=0 revr=0)
21-05:39:25.965 [VRB] [HEAP-TEL] boundary: -760 bytes (bma=138 phl=109)
21-05:39:25.970 [VRB] [HEAP-TEL] inbound: -1184 bytes (heap=132936 pin=247 bma=138 phl=111 lt=0 revr=0)
21-05:39:25.974 [VRB] [HEAP-TEL] boundary: -768 bytes (bma=140 phl=111)
21-05:39:25.979 [VRB] [HEAP-TEL] inbound: -1324 bytes (heap=132072 pin=248 bma=140 phl=113 lt=0 revr=0)
[TcpIF] Connecting to rns.beleth.net:4242 (cached IP)...
[TcpIF] Cached IP failed, retrying with DNS
[TcpIF] Connecting to rns.beleth.net:4242 (DNS)...
[TcpIF] Resolved rns.beleth.net -> 129.213.74.184
[TcpIF] Failed to connect to rns.beleth.net:4242 (attempt 3, next retry in 80s)
21-05:39:38.022 [VRB] [HEAP-TEL] boundary: -752 bytes (bma=142 phl=113)
21-05:39:38.026 [VRB] [HEAP-TEL] inbound: -1192 bytes (heap=134708 pin=249 bma=142 phl=115 lt=0 revr=0)
21-05:39:38.028 [VRB] [HEAP-TEL] jobs: 4144 bytes (heap=139676)
[TcpIF] Client 0 disconnected (heap: 139676 -> 141480, delta: +1804)
[TcpIF] Connecting to rmap.world:4242 (cached IP)...
[TcpIF] Connected to backbone at rmap.world:4242
21-05:39:38.283 [VRB] [LoRa] TXSTART 303 bytes
[Boundary] TXCFG f=914875000 sf=10 bw=4 cr=1 ldro=0 pre=18 hdr=0 len=255 crc=1 iq=0 txp=19
[Boundary] TXDONE irq=0001 timeout=0 pa=1
[Boundary] TXCFG f=914875000 sf=10 bw=4 cr=1 ldro=0 pre=18 hdr=0 len=50 crc=1 iq=0 txp=19
[Boundary] TXDONE irq=0001 timeout=0 pa=1
21-05:39:41.576 [VRB] [HEAP-TEL] boundary: -756 bytes (bma=130 phl=100)
21-05:39:41.580 [VRB] [HEAP-TEL] inbound: -1044 bytes (heap=138000 pin=250 bma=130 phl=102 lt=0 revr=0)
21-05:39:41.585 [VRB] [HEAP-TEL] boundary: -768 bytes (bma=132 phl=102)
21-05:39:41.590 [VRB] [HEAP-TEL] inbound: -1052 bytes (heap=137408 pin=251 bma=132 phl=104 lt=0 revr=0)
21-05:39:41.594 [VRB] [HEAP-TEL] boundary: -760 bytes (bma=134 phl=104)
21-05:39:41.599 [VRB] [HEAP-TEL] inbound: -1184 bytes (heap=136684 pin=252 bma=134 phl=106 lt=0 revr=0)
21-05:39:41.603 [VRB] [HEAP-TEL] boundary: -752 bytes (bma=136 phl=106)
21-05:39:41.608 [VRB] [HEAP-TEL] inbound: -1024 bytes (heap=136120 pin=253 bma=136 phl=108 lt=0 revr=0)
21-05:39:41.612 [VRB] [HEAP-TEL] boundary: -756 bytes (bma=138 phl=108)
21-05:39:41.617 [VRB] [HEAP-TEL] inbound: -1180 bytes (heap=135400 pin=254 bma=138 phl=110 lt=0 revr=0)
21-05:39:41.621 [VRB] [HEAP-TEL] boundary: -756 bytes (bma=140 phl=110)
21-05:39:41.626 [VRB] [HEAP-TEL] inbound: -1188 bytes (heap=134676 pin=255 bma=140 phl=112 lt=0 revr=0)
21-05:39:41.742 [VRB] mem: 138956 (47%) [-4420] flash: 3477504 (98%) [0] paths: 3 dsts: 5 revr: 0 annc: 0 held: 0
21-05:39:41.744 [VRB] preqs: 175 dpreqs: 0 ppreqs: 0 dprt: 32 cdsts: 2 chshs: 2
21-05:39:41.745 [VRB] phl: 100 rcp: 0 lt: 0 pl: 0 al: 0 tun: 0
21-05:39:41.746 [VRB] bla: 0 bma: 128
21-05:39:41.747 [VRB] pin: 255 pout: 237 padd: 0 dpr: 2 ikd: 0 ia: 0

21-05:39:41.748 [VRB] [HEAP-TEL] jobs: 3464 bytes (heap=138956)
21-05:39:41.752 [VRB] [HEAP-TEL] boundary: -752 bytes (bma=130 phl=100)
21-05:39:41.757 [VRB] [HEAP-TEL] inbound: -1028 bytes (heap=137832 pin=256 bma=130 phl=102 lt=0 revr=0)
21-05:39:42.000 [VRB] [HEAP-TEL] jobs: 576 bytes (heap=139012)
21-05:39:42.686 [VRB] [HEAP-TEL] boundary: -752 bytes (bma=130 phl=100)
21-05:39:42.691 [VRB] [HEAP-TEL] inbound: -1184 bytes (heap=137476 pin=257 bma=130 phl=102 lt=0 revr=0)
21-05:39:42.696 [VRB] [HEAP-TEL] boundary: -776 bytes (bma=132 phl=102)
21-05:39:42.701 [VRB] [HEAP-TEL] inbound: -1204 bytes (heap=136732 pin=258 bma=132 phl=104 lt=0 revr=0)
21-05:39:42.705 [VRB] [HEAP-TEL] boundary: -768 bytes (bma=134 phl=104)
21-05:39:42.710 [VRB] [HEAP-TEL] inbound: -1192 bytes (heap=136000 pin=259 bma=134 phl=106 lt=0 revr=0)
21-05:39:42.714 [VRB] [HEAP-TEL] boundary: -788 bytes (bma=136 phl=106)
21-05:39:42.719 [VRB] [HEAP-TEL] inbound: -1204 bytes (heap=135268 pin=260 bma=136 phl=108 lt=0 revr=0)
21-05:39:42.723 [VRB] [HEAP-TEL] boundary: -768 bytes (bma=138 phl=108)
21-05:39:42.728 [VRB] [HEAP-TEL] inbound: -1192 bytes (heap=134548 pin=261 bma=138 phl=110 lt=0 revr=0)
21-05:39:42.732 [VRB] [HEAP-TEL] boundary: -776 bytes (bma=140 phl=110)
21-05:39:42.736 [VRB] [HEAP-TEL] inbound: -1216 bytes (heap=133792 pin=262 bma=140 phl=112 lt=0 revr=0)
21-05:39:43.201 [VRB] [HEAP-TEL] boundary: -572 bytes (bma=142 phl=112)
21-05:39:43.206 [VRB] [HEAP-TEL] inbound: -996 bytes (heap=133060 pin=264 bma=142 phl=114 lt=0 revr=0)
21-05:39:43.210 [VRB] [HEAP-TEL] boundary: -776 bytes (bma=144 phl=114)
21-05:39:43.215 [VRB] [HEAP-TEL] inbound: -1204 bytes (heap=132328 pin=265 bma=144 phl=116 lt=0 revr=0)
21-05:39:43.219 [VRB] [HEAP-TEL] boundary: -792 bytes (bma=146 phl=116)
21-05:39:43.224 [VRB] [HEAP-TEL] inbound: -1208 bytes (heap=131604 pin=266 bma=146 phl=118 lt=0 revr=0)
21-05:39:43.228 [VRB] [HEAP-TEL] boundary: -792 bytes (bma=148 phl=118)
21-05:39:43.233 [VRB] [HEAP-TEL] inbound: -1220 bytes (heap=130868 pin=267 bma=148 phl=120 lt=0 revr=0)
21-05:39:43.237 [VRB] [HEAP-TEL] boundary: -756 bytes (bma=150 phl=120)
21-05:39:43.242 [VRB] [HEAP-TEL] inbound: -1184 bytes (heap=130156 pin=268 bma=150 phl=122 lt=0 revr=0)
21-05:39:43.256 [VRB] [HEAP-TEL] jobs: 6324 bytes (heap=137292)
21-05:39:43.405 [VRB] [HEAP-TEL] boundary: -536 bytes (bma=130 phl=100)
21-05:39:43.410 [VRB] [HEAP-TEL] inbound: -952 bytes (heap=135772 pin=269 bma=130 phl=102 lt=0 revr=0)
21-05:39:43.415 [VRB] [HEAP-TEL] boundary: -752 bytes (bma=132 phl=102)
21-05:39:43.420 [VRB] [HEAP-TEL] inbound: -1184 bytes (heap=135048 pin=270 bma=132 phl=104 lt=0 revr=0)
21-05:39:43.513 [VRB] [HEAP-TEL] jobs: 1160 bytes (heap=137020)
21-05:39:43.609 [VRB] [HEAP-TEL] boundary: -752 bytes (bma=130 phl=100)
21-05:39:43.613 [VRB] [HEAP-TEL] inbound: -1184 bytes (heap=135484 pin=271 bma=130 phl=102 lt=0 revr=0)
21-05:39:43.688 [VRB] [HEAP-TEL] boundary: -760 bytes (bma=132 phl=102)
21-05:39:43.692 [VRB] [HEAP-TEL] inbound: -1036 bytes (heap=134908 pin=272 bma=132 phl=104 lt=0 revr=0)
21-05:39:43.764 [VRB] [HEAP-TEL] jobs: 1148 bytes (heap=136868)
21-05:39:43.933 [VRB] [HEAP-TEL] boundary: -760 bytes (bma=130 phl=100)
21-05:39:43.938 [VRB] [HEAP-TEL] inbound: -1184 bytes (heap=135332 pin=274 bma=130 phl=102 lt=0 revr=0)
21-05:39:43.959 [VRB] [HEAP-TEL] boundary: -788 bytes (bma=132 phl=102)
21-05:39:43.963 [VRB] [HEAP-TEL] inbound: -1224 bytes (heap=134776 pin=275 bma=132 phl=104 lt=0 revr=0)
21-05:39:44.030 [VRB] [HEAP-TEL] jobs: 1148 bytes (heap=136528)
21-05:39:44.124 [VRB] [HEAP-TEL] boundary: -780 bytes (bma=130 phl=100)
21-05:39:44.130 [VRB] [HEAP-TEL] inbound: -1200 bytes (heap=135184 pin=276 bma=130 phl=102 lt=0 revr=0)
21-05:39:44.163 [VRB] [HEAP-TEL] boundary: -772 bytes (bma=132 phl=102)
21-05:39:44.167 [VRB] [HEAP-TEL] inbound: -1208 bytes (heap=134228 pin=277 bma=132 phl=104 lt=0 revr=0)
21-05:39:44.282 [VRB] [HEAP-TEL] jobs: 1132 bytes (heap=136184)
21-05:39:44.327 [VRB] [HEAP-TEL] boundary: -792 bytes (bma=130 phl=100)
21-05:39:44.331 [VRB] [HEAP-TEL] inbound: -1228 bytes (heap=134604 pin=278 bma=130 phl=102 lt=0 revr=0)
21-05:39:45.065 [VRB] [HEAP-TEL] boundary: -756 bytes (bma=132 phl=102)
21-05:39:45.070 [VRB] [HEAP-TEL] inbound: -1188 bytes (heap=133880 pin=280 bma=132 phl=104 lt=0 revr=0)
21-05:39:45.072 [VRB] [HEAP-TEL] jobs: 1156 bytes (heap=135852)
21-05:39:45.982 [VRB] [HEAP-TEL] boundary: -772 bytes (bma=130 phl=100)
21-05:39:45.987 [VRB] [HEAP-TEL] inbound: -1060 bytes (heap=134288 pin=281 bma=130 phl=102 lt=0 revr=0)
21-05:39:46.095 [VRB] [HEAP-TEL] jobs: 588 bytes (heap=135688)
21-05:39:47.602 [VRB] [HEAP-TEL] boundary: -760 bytes (bma=130 phl=100)
21-05:39:47.608 [VRB] [HEAP-TEL] inbound: -1188 bytes (heap=134356 pin=282 bma=130 phl=102 lt=0 revr=0)
21-05:39:47.644 [VRB] [HEAP-TEL] jobs: 564 bytes (heap=135524)
21-05:39:48.421 [VRB] [HEAP-TEL] boundary: -768 bytes (bma=130 phl=100)
21-05:39:48.426 [VRB] [HEAP-TEL] inbound: -1040 bytes (heap=134132 pin=283 bma=130 phl=102 lt=0 revr=0)
21-05:39:48.676 [VRB] [HEAP-TEL] jobs: 580 bytes (heap=135524)
21-05:39:49.042 [VRB] [HEAP-TEL] boundary: -760 bytes (bma=130 phl=100)
21-05:39:49.046 [VRB] [HEAP-TEL] inbound: -1180 bytes (heap=133992 pin=284 bma=130 phl=102 lt=0 revr=0)
21-05:39:49.087 [VRB] [HEAP-TEL] boundary: -788 bytes (bma=132 phl=102)
21-05:39:49.091 [VRB] [HEAP-TEL] inbound: -1212 bytes (heap=133240 pin=285 bma=132 phl=104 lt=0 revr=0)
21-05:39:49.193 [VRB] [HEAP-TEL] jobs: 1132 bytes (heap=135188)
21-05:39:49.370 [VRB] [HEAP-TEL] boundary: -544 bytes (bma=130 phl=100)
21-05:39:49.374 [VRB] [HEAP-TEL] inbound: -820 bytes (heap=133800 pin=286 bma=130 phl=102 lt=0 revr=0)
21-05:39:49.379 [VRB] [HEAP-TEL] boundary: -772 bytes (bma=132 phl=102)
21-05:39:49.384 [VRB] [HEAP-TEL] inbound: -1192 bytes (heap=133068 pin=287 bma=132 phl=104 lt=0 revr=0)
21-05:39:49.445 [VRB] [HEAP-TEL] jobs: 1160 bytes (heap=135040)
21-05:39:49.548 [VRB] [HEAP-TEL] boundary: -772 bytes (bma=130 phl=100)
21-05:39:49.552 [VRB] [HEAP-TEL] inbound: -1184 bytes (heap=133492 pin=288 bma=130 phl=102 lt=0 revr=0)
21-05:39:49.587 [VRB] [HEAP-TEL] boundary: -760 bytes (bma=132 phl=102)
21-05:39:49.591 [VRB] [HEAP-TEL] inbound: -1188 bytes (heap=132772 pin=289 bma=132 phl=104 lt=0 revr=0)
21-05:39:49.711 [VRB] [HEAP-TEL] jobs: 1172 bytes (heap=134776)
21-05:39:49.754 [VRB] [HEAP-TEL] boundary: -760 bytes (bma=130 phl=100)
21-05:39:49.759 [VRB] [HEAP-TEL] inbound: -1200 bytes (heap=133224 pin=290 bma=130 phl=102 lt=0 revr=0)
21-05:39:49.781 [VRB] [HEAP-TEL] boundary: -768 bytes (bma=132 phl=102)
21-05:39:49.786 [VRB] [HEAP-TEL] inbound: -1196 bytes (heap=132696 pin=291 bma=132 phl=104 lt=0 revr=0)
21-05:39:49.958 [VRB] [HEAP-TEL] boundary: -752 bytes (bma=134 phl=104)
21-05:39:49.964 [VRB] [HEAP-TEL] inbound: -1180 bytes (heap=131748 pin=292 bma=134 phl=106 lt=0 revr=0)
21-05:39:49.966 [VRB] [HEAP-TEL] jobs: 1708 bytes (heap=134288)
21-05:39:49.973 [VRB] [HEAP-TEL] boundary: -752 bytes (bma=130 phl=100)
21-05:39:49.978 [VRB] [HEAP-TEL] inbound: -1028 bytes (heap=132904 pin=293 bma=130 phl=102 lt=0 revr=0)
21-05:39:50.171 [VRB] [HEAP-TEL] boundary: -764 bytes (bma=132 phl=102)
21-05:39:50.175 [VRB] [HEAP-TEL] inbound: -1040 bytes (heap=132536 pin=294 bma=132 phl=104 lt=0 revr=0)
21-05:39:50.231 [VRB] [HEAP-TEL] boundary: -756 bytes (bma=134 phl=104)
21-05:39:50.236 [VRB] [HEAP-TEL] inbound: -1032 bytes (heap=131744 pin=295 bma=134 phl=106 lt=0 revr=0)
21-05:39:50.239 [VRB] [HEAP-TEL] jobs: 1712 bytes (heap=134280)
21-05:39:50.404 [VRB] [HEAP-TEL] boundary: -776 bytes (bma=130 phl=100)
21-05:39:50.409 [VRB] [HEAP-TEL] inbound: -1244 bytes (heap=132684 pin=296 bma=130 phl=102 lt=0 revr=0)
21-05:39:50.413 [VRB] [HEAP-TEL] boundary: -760 bytes (bma=132 phl=102)
21-05:39:50.418 [VRB] [HEAP-TEL] inbound: -1040 bytes (heap=132152 pin=297 bma=132 phl=104 lt=0 revr=0)
21-05:39:50.490 [VRB] [HEAP-TEL] jobs: 1144 bytes (heap=134108)
21-05:39:50.577 [VRB] [HEAP-TEL] boundary: -752 bytes (bma=130 phl=100)
21-05:39:50.581 [VRB] [HEAP-TEL] inbound: -1176 bytes (heap=132572 pin=298 bma=130 phl=102 lt=0 revr=0)
21-05:39:50.750 [VRB] [HEAP-TEL] boundary: -776 bytes (bma=132 phl=102)
21-05:39:50.755 [VRB] [HEAP-TEL] inbound: -1192 bytes (heap=131840 pin=299 bma=132 phl=104 lt=0 revr=0)
21-05:39:50.757 [VRB] [HEAP-TEL] jobs: 1140 bytes (heap=133800)
21-05:39:50.880 [VRB] [HEAP-TEL] boundary: -752 bytes (bma=130 phl=100)
21-05:39:50.884 [VRB] [HEAP-TEL] inbound: -1036 bytes (heap=132620 pin=300 bma=130 phl=102 lt=0 revr=0)
21-05:39:51.009 [VRB] [HEAP-TEL] jobs: 584 bytes (heap=133808)
21-05:39:51.095 [VRB] [HEAP-TEL] boundary: -756 bytes (bma=130 phl=100)
21-05:39:51.100 [VRB] [HEAP-TEL] inbound: -1180 bytes (heap=132276 pin=301 bma=130 phl=102 lt=0 revr=0)
21-05:39:51.265 [VRB] [HEAP-TEL] jobs: 568 bytes (heap=133656)
21-05:39:52.006 [VRB] [HEAP-TEL] boundary: -756 bytes (bma=130 phl=100)
21-05:39:52.011 [VRB] [HEAP-TEL] inbound: -1040 bytes (heap=132264 pin=302 bma=130 phl=102 lt=0 revr=0)
21-05:39:52.032 [VRB] [HEAP-TEL] jobs: 572 bytes (heap=133648)
21-05:39:52.214 [VRB] [HEAP-TEL] boundary: -756 bytes (bma=130 phl=100)
21-05:39:52.220 [VRB] [HEAP-TEL] inbound: -1188 bytes (heap=132316 pin=303 bma=130 phl=102 lt=0 revr=0)
21-05:39:52.298 [VRB] [HEAP-TEL] jobs: 568 bytes (heap=133488)
21-05:39:52.722 [VRB] [HEAP-TEL] boundary: -760 bytes (bma=130 phl=100)
21-05:39:52.727 [VRB] [HEAP-TEL] inbound: -1188 bytes (heap=132156 pin=304 bma=130 phl=102 lt=0 revr=0)
21-05:39:52.816 [VRB] [HEAP-TEL] jobs: 568 bytes (heap=133188)
21-05:39:52.829 [VRB] [HEAP-TEL] boundary: -544 bytes (bma=130 phl=100)
21-05:39:52.834 [VRB] [HEAP-TEL] inbound: -968 bytes (heap=132008 pin=305 bma=130 phl=102 lt=0 revr=0)
21-05:39:53.067 [VRB] [HEAP-TEL] jobs: 572 bytes (heap=133184)
21-05:39:53.235 [VRB] [HEAP-TEL] boundary: -760 bytes (bma=130 phl=100)
21-05:39:53.241 [VRB] [HEAP-TEL] inbound: -1032 bytes (heap=131768 pin=306 bma=130 phl=102 lt=0 revr=0)
21-05:39:53.332 [VRB] [HEAP-TEL] jobs: 572 bytes (heap=133188)
21-05:39:54.056 [VRB] [HEAP-TEL] boundary: -780 bytes (bma=130 phl=100)
21-05:39:54.061 [VRB] [HEAP-TEL] inbound: -1200 bytes (heap=131604 pin=307 bma=130 phl=102 lt=0 revr=0)
21-05:39:54.065 [VRB] [HEAP-TEL] boundary: -760 bytes (bma=132 phl=102)
21-05:39:54.070 [VRB] [HEAP-TEL] inbound: -1184 bytes (heap=130880 pin=308 bma=132 phl=104 lt=0 revr=0)
21-05:39:54.099 [VRB] [HEAP-TEL] jobs: 1156 bytes (heap=132880)
21-05:39:55.490 [VRB] [HEAP-TEL] boundary: -752 bytes (bma=130 phl=100)
21-05:39:55.494 [VRB] [HEAP-TEL] inbound: -1196 bytes (heap=131316 pin=309 bma=130 phl=102 lt=0 revr=0)
21-05:39:55.649 [VRB] [HEAP-TEL] jobs: 564 bytes (heap=132708)
21-05:39:56.102 [VRB] [HEAP-TEL] boundary: -752 bytes (bma=130 phl=100)
21-05:39:56.106 [VRB] [HEAP-TEL] inbound: -1020 bytes (heap=131336 pin=311 bma=130 phl=102 lt=0 revr=0)
21-05:39:56.166 [VRB] [HEAP-TEL] jobs: 560 bytes (heap=132708)
21-05:39:56.270 [VRB] [HEAP-TEL] boundary: -752 bytes (bma=130 phl=100)
21-05:39:56.276 [VRB] [HEAP-TEL] inbound: -1164 bytes (heap=130984 pin=312 bma=130 phl=102 lt=0 revr=0)
21-05:39:56.432 [VRB] [HEAP-TEL] jobs: 572 bytes (heap=132576)
21-05:39:56.820 [VRB] [HEAP-TEL] boundary: -764 bytes (bma=130 phl=100)
21-05:39:56.824 [VRB] [HEAP-TEL] inbound: -1036 bytes (heap=131188 pin=313 bma=130 phl=102 lt=0 revr=0)
21-05:39:56.948 [VRB] [HEAP-TEL] jobs: 564 bytes (heap=132564)
21-05:39:58.048 [VRB] [HEAP-TEL] boundary: -760 bytes (bma=130 phl=100)
21-05:39:58.053 [VRB] [HEAP-TEL] inbound: -1036 bytes (heap=131176 pin=314 bma=130 phl=102 lt=0 revr=0)
21-05:39:58.222 [VRB] [HEAP-TEL] boundary: -756 bytes (bma=132 phl=102)
21-05:39:58.227 [VRB] [HEAP-TEL] inbound: -1180 bytes (heap=130456 pin=315 bma=132 phl=104 lt=0 revr=0)
21-05:39:58.231 [VRB] [HEAP-TEL] jobs: 1148 bytes (heap=132416)
21-05:39:59.072 [VRB] [HEAP-TEL] boundary: -756 bytes (bma=130 phl=100)
21-05:39:59.078 [VRB] [HEAP-TEL] inbound: -1184 bytes (heap=130880 pin=318 bma=130 phl=102 lt=0 revr=0)
21-05:39:59.082 [VRB] [HEAP-TEL] boundary: -760 bytes (bma=132 phl=102)
21-05:39:59.087 [VRB] [HEAP-TEL] inbound: -1044 bytes (heap=130296 pin=319 bma=132 phl=104 lt=0 revr=0)
21-05:39:59.189 [VRB] [HEAP-TEL] boundary: -756 bytes (bma=134 phl=104)
21-05:39:59.194 [VRB] [HEAP-TEL] inbound: -1040 bytes (heap=129716 pin=320 bma=134 phl=106 lt=0 revr=0)
21-05:39:59.265 [VRB] [HEAP-TEL] jobs: 1732 bytes (heap=132260)
21-05:39:59.482 [VRB] [HEAP-TEL] boundary: -756 bytes (bma=130 phl=100)
21-05:39:59.487 [VRB] [HEAP-TEL] inbound: -1180 bytes (heap=130728 pin=321 bma=130 phl=102 lt=0 revr=0)
21-05:39:59.531 [VRB] [HEAP-TEL] jobs: 592 bytes (heap=132132)
21-05:39:59.588 [VRB] [HEAP-TEL] boundary: -756 bytes (bma=130 phl=100)
21-05:39:59.592 [VRB] [HEAP-TEL] inbound: -1044 bytes (heap=130736 pin=322 bma=130 phl=102 lt=0 revr=0)
21-05:39:59.707 [VRB] [HEAP-TEL] boundary: -768 bytes (bma=132 phl=102)
21-05:39:59.711 [VRB] [HEAP-TEL] inbound: -1044 bytes (heap=130152 pin=323 bma=132 phl=104 lt=0 revr=0)
21-05:39:59.716 [VRB] [HEAP-TEL] boundary: -768 bytes (bma=134 phl=104)
21-05:39:59.721 [VRB] [HEAP-TEL] inbound: -1044 bytes (heap=129568 pin=324 bma=134 phl=106 lt=0 revr=0)
21-05:39:59.783 [VRB] [HEAP-TEL] jobs: 1716 bytes (heap=132096)
21-05:39:59.890 [VRB] [HEAP-TEL] boundary: -752 bytes (bma=130 phl=100)
21-05:39:59.894 [VRB] [HEAP-TEL] inbound: -1168 bytes (heap=130784 pin=325 bma=130 phl=102 lt=0 revr=0)
21-05:40:00.049 [VRB] [HEAP-TEL] jobs: 580 bytes (heap=131968)
21-05:40:00.741 [VRB] [HEAP-TEL] boundary: -756 bytes (bma=130 phl=100)
21-05:40:00.745 [VRB] [HEAP-TEL] inbound: -1172 bytes (heap=130444 pin=327 bma=130 phl=102 lt=0 revr=0)
21-05:40:00.817 [VRB] [HEAP-TEL] jobs: 568 bytes (heap=131824)
21-05:40:01.436 [VRB] [HEAP-TEL] boundary: -768 bytes (bma=130 phl=100)
21-05:40:01.441 [VRB] [HEAP-TEL] inbound: -1200 bytes (heap=130480 pin=328 bma=130 phl=102 lt=0 revr=0)
21-05:40:01.601 [VRB] [HEAP-TEL] jobs: 568 bytes (heap=131652)
21-05:40:01.632 [VRB] [HEAP-TEL] boundary: -776 bytes (bma=130 phl=100)
21-05:40:01.636 [VRB] [HEAP-TEL] inbound: -1196 bytes (heap=130104 pin=329 bma=130 phl=102 lt=0 revr=0)
21-05:40:01.854 [VRB] [HEAP-TEL] jobs: 588 bytes (heap=131504)
21-05:40:02.659 [VRB] [HEAP-TEL] boundary: -776 bytes (bma=130 phl=100)
21-05:40:02.664 [VRB] [HEAP-TEL] inbound: -1060 bytes (heap=129952 pin=330 bma=130 phl=102 lt=0 revr=0)
21-05:40:02.884 [VRB] [HEAP-TEL] jobs: 572 bytes (heap=131336)
21-05:40:03.496 [VRB] [HEAP-TEL] boundary: -756 bytes (bma=130 phl=100)
21-05:40:03.501 [VRB] [HEAP-TEL] inbound: -1192 bytes (heap=129792 pin=331 bma=130 phl=102 lt=0 revr=0)
21-05:40:03.506 [VRB] [HEAP-TEL] boundary: -768 bytes (bma=132 phl=102)
21-05:40:03.511 [VRB] [HEAP-TEL] inbound: -1048 bytes (heap=129204 pin=332 bma=132 phl=104 lt=0 revr=0)
21-05:40:03.666 [VRB] [HEAP-TEL] jobs: 1176 bytes (heap=131204)
21-05:40:04.089 [VRB] [HEAP-TEL] boundary: -752 bytes (bma=130 phl=100)
21-05:40:04.093 [VRB] [HEAP-TEL] inbound: -1028 bytes (heap=130032 pin=335 bma=130 phl=102 lt=0 revr=0)
21-05:40:04.105 [VRB] [HEAP-TEL] boundary: -760 bytes (bma=132 phl=102)
21-05:40:04.109 [VRB] [HEAP-TEL] inbound: -1040 bytes (heap=129244 pin=336 bma=132 phl=104 lt=0 revr=0)
21-05:40:04.183 [VRB] [HEAP-TEL] jobs: 1160 bytes (heap=131076)
21-05:40:04.192 [VRB] [HEAP-TEL] boundary: -768 bytes (bma=130 phl=100)
21-05:40:04.196 [VRB] [HEAP-TEL] inbound: -1048 bytes (heap=130024 pin=337 bma=130 phl=102 lt=0 revr=0)
21-05:40:04.225 [VRB] [HEAP-TEL] boundary: -780 bytes (bma=132 phl=102)
21-05:40:04.230 [VRB] [HEAP-TEL] inbound: -852 bytes (heap=129220 pin=338 bma=132 phl=104 lt=0 revr=0)
21-05:40:04.400 [VRB] [HEAP-TEL] boundary: -764 bytes (bma=134 phl=104)
21-05:40:04.404 [VRB] [HEAP-TEL] inbound: -1036 bytes (heap=128660 pin=339 bma=134 phl=106 lt=0 revr=0)
21-05:40:04.435 [VRB] [HEAP-TEL] boundary: -764 bytes (bma=136 phl=106)
21-05:40:04.441 [VRB] [HEAP-TEL] inbound: -1060 bytes (heap=128060 pin=340 bma=136 phl=108 lt=0 revr=0)
21-05:40:04.443 [VRB] [HEAP-TEL] jobs: 2356 bytes (heap=131228)
21-05:40:05.112 [VRB] [HEAP-TEL] boundary: -768 bytes (bma=130 phl=100)
21-05:40:05.117 [VRB] [HEAP-TEL] inbound: -1200 bytes (heap=129888 pin=341 bma=130 phl=102 lt=0 revr=0)
21-05:40:05.215 [VRB] [HEAP-TEL] jobs: 588 bytes (heap=131080)
21-05:40:06.547 [VRB] [HEAP-TEL] boundary: -796 bytes (bma=130 phl=100)
21-05:40:06.552 [VRB] [HEAP-TEL] inbound: -1092 bytes (heap=129636 pin=342 bma=130 phl=102 lt=0 revr=0)
21-05:40:06.765 [VRB] [HEAP-TEL] jobs: 576 bytes (heap=131024)
21-05:40:07.800 [VRB] [HEAP-TEL] boundary: -768 bytes (bma=130 phl=100)
21-05:40:07.805 [VRB] [HEAP-TEL] inbound: -1216 bytes (heap=129456 pin=343 bma=130 phl=102 lt=0 revr=0)
21-05:40:07.808 [VRB] [HEAP-TEL] jobs: 576 bytes (heap=130844)
21-05:40:08.245 [VRB] [HEAP-TEL] boundary: -756 bytes (bma=130 phl=100)
21-05:40:08.249 [VRB] [HEAP-TEL] inbound: -1184 bytes (heap=129308 pin=345 bma=130 phl=102 lt=0 revr=0)
21-05:40:08.315 [VRB] [HEAP-TEL] jobs: 572 bytes (heap=130692)
21-05:40:08.800 [VRB] [HEAP-TEL] boundary: -780 bytes (bma=130 phl=100)
21-05:40:08.805 [VRB] [HEAP-TEL] inbound: -1204 bytes (heap=129344 pin=346 bma=130 phl=102 lt=0 revr=0)
21-05:40:08.838 [VRB] [HEAP-TEL] jobs: 572 bytes (heap=130520)
21-05:40:09.045 [VRB] [HEAP-TEL] boundary: -760 bytes (bma=130 phl=100)
21-05:40:09.049 [VRB] [HEAP-TEL] inbound: -1032 bytes (heap=129344 pin=347 bma=130 phl=102 lt=0 revr=0)
21-05:40:09.089 [VRB] [HEAP-TEL] jobs: 592 bytes (heap=130540)
21-05:40:09.110 [VRB] [HEAP-TEL] boundary: -772 bytes (bma=130 phl=100)
21-05:40:09.114 [VRB] [HEAP-TEL] inbound: -1048 bytes (heap=129140 pin=348 bma=130 phl=102 lt=0 revr=0)
21-05:40:09.186 [VRB] [HEAP-TEL] boundary: -764 bytes (bma=132 phl=102)
21-05:40:09.191 [VRB] [HEAP-TEL] inbound: -1040 bytes (heap=128560 pin=349 bma=132 phl=104 lt=0 revr=0)
21-05:40:09.248 [VRB] [HEAP-TEL] boundary: -760 bytes (bma=134 phl=104)
21-05:40:09.252 [VRB] [HEAP-TEL] inbound: -1032 bytes (heap=128196 pin=350 bma=134 phl=106 lt=0 revr=0)
21-05:40:09.286 [VRB] [HEAP-TEL] boundary: -764 bytes (bma=136 phl=106)
21-05:40:09.292 [VRB] [HEAP-TEL] inbound: -832 bytes (heap=127616 pin=351 bma=136 phl=108 lt=0 revr=0)
21-05:40:09.359 [VRB] [HEAP-TEL] boundary: -784 bytes (bma=138 phl=108)
21-05:40:09.363 [VRB] [HEAP-TEL] inbound: -1056 bytes (heap=126800 pin=352 bma=138 phl=110 lt=0 revr=0)
21-05:40:09.366 [VRB] [HEAP-TEL] jobs: 2928 bytes (heap=130572)
21-05:40:09.532 [VRB] [HEAP-TEL] boundary: -756 bytes (bma=130 phl=100)
21-05:40:09.537 [VRB] [HEAP-TEL] inbound: -1036 bytes (heap=129184 pin=353 bma=130 phl=102 lt=0 revr=0)
21-05:40:09.542 [VRB] [HEAP-TEL] boundary: -768 bytes (bma=132 phl=102)
21-05:40:09.547 [VRB] [HEAP-TEL] inbound: -1044 bytes (heap=128600 pin=354 bma=132 phl=104 lt=0 revr=0)
21-05:40:09.618 [VRB] [HEAP-TEL] jobs: 1144 bytes (heap=130556)
21-05:40:10.565 [VRB] [HEAP-TEL] boundary: -752 bytes (bma=130 phl=100)
21-05:40:10.569 [VRB] [HEAP-TEL] inbound: -1164 bytes (heap=129040 pin=355 bma=130 phl=102 lt=0 revr=0)
21-05:40:10.641 [VRB] [HEAP-TEL] jobs: 568 bytes (heap=130420)
21-05:40:11.257 [VRB] [HEAP-TEL] boundary: -756 bytes (bma=130 phl=100)
21-05:40:11.262 [VRB] [HEAP-TEL] inbound: -1020 bytes (heap=129048 pin=356 bma=130 phl=102 lt=0 revr=0)
21-05:40:11.425 [VRB] [HEAP-TEL] jobs: 572 bytes (heap=130432)
21-05:40:11.508 [VRB] [HEAP-TEL] boundary: -788 bytes (bma=130 phl=100)
21-05:40:11.513 [VRB] [HEAP-TEL] inbound: -1064 bytes (heap=129016 pin=357 bma=130 phl=102 lt=0 revr=0)
21-05:40:11.677 [VRB] [HEAP-TEL] jobs: 568 bytes (heap=130396)
21-05:40:12.080 [VRB] [HEAP-TEL] boundary: -752 bytes (bma=130 phl=100)
21-05:40:12.084 [VRB] [HEAP-TEL] inbound: -1028 bytes (heap=129224 pin=358 bma=130 phl=102 lt=0 revr=0)
21-05:40:12.193 [VRB] [HEAP-TEL] jobs: 576 bytes (heap=130404)
21-05:40:12.593 [VRB] [HEAP-TEL] boundary: -788 bytes (bma=130 phl=100)
21-05:40:12.598 [VRB] [HEAP-TEL] inbound: -1220 bytes (heap=128832 pin=359 bma=130 phl=102 lt=0 revr=0)
21-05:40:12.714 [VRB] [HEAP-TEL] jobs: 592 bytes (heap=130236)
21-05:40:12.811 [VRB] [HEAP-TEL] boundary: -764 bytes (bma=130 phl=100)
21-05:40:12.815 [VRB] [HEAP-TEL] inbound: -1200 bytes (heap=128684 pin=360 bma=130 phl=102 lt=0 revr=0)
21-05:40:12.980 [VRB] [HEAP-TEL] jobs: 572 bytes (heap=130068)
21-05:40:14.330 [VRB] [HEAP-TEL] boundary: -756 bytes (bma=130 phl=100)
21-05:40:14.335 [VRB] [HEAP-TEL] inbound: -1188 bytes (heap=128528 pin=361 bma=130 phl=102 lt=0 revr=0)
21-05:40:14.541 [VRB] [HEAP-TEL] jobs: 584 bytes (heap=129928)
21-05:40:14.846 [VRB] [HEAP-TEL] boundary: -756 bytes (bma=130 phl=100)
21-05:40:14.851 [VRB] [HEAP-TEL] inbound: -1036 bytes (heap=128488 pin=362 bma=130 phl=102 lt=0 revr=0)
21-05:40:14.856 [VRB] [HEAP-TEL] boundary: -764 bytes (bma=132 phl=102)
21-05:40:14.861 [VRB] [HEAP-TEL] inbound: -1044 bytes (heap=127904 pin=363 bma=132 phl=104 lt=0 revr=0)
21-05:40:14.865 [VRB] [HEAP-TEL] boundary: -756 bytes (bma=134 phl=104)
21-05:40:14.870 [VRB] [HEAP-TEL] inbound: -1192 bytes (heap=127224 pin=364 bma=134 phl=106 lt=0 revr=0)
21-05:40:15.013 [VRB] [HEAP-TEL] boundary: -756 bytes (bma=136 phl=106)
21-05:40:15.017 [VRB] [HEAP-TEL] inbound: -1020 bytes (heap=126872 pin=365 bma=136 phl=108 lt=0 revr=0)
21-05:40:15.045 [VRB] [HEAP-TEL] boundary: -760 bytes (bma=138 phl=108)
21-05:40:15.051 [VRB] [HEAP-TEL] inbound: -1024 bytes (heap=125892 pin=366 bma=138 phl=110 lt=0 revr=0)
21-05:40:15.053 [VRB] [HEAP-TEL] jobs: 2876 bytes (heap=129580)
21-05:40:15.664 [VRB] [HEAP-TEL] boundary: -752 bytes (bma=130 phl=100)
21-05:40:15.668 [VRB] [HEAP-TEL] inbound: -1028 bytes (heap=128408 pin=367 bma=130 phl=102 lt=0 revr=0)
21-05:40:15.807 [VRB] [HEAP-TEL] jobs: 584 bytes (heap=129804)
21-05:40:16.069 [VRB] [HEAP-TEL] boundary: -752 bytes (bma=130 phl=100)
21-05:40:16.073 [VRB] [HEAP-TEL] inbound: -1016 bytes (heap=128436 pin=368 bma=130 phl=102 lt=0 revr=0)
21-05:40:16.311 [VRB] [HEAP-TEL] jobs: 556 bytes (heap=129804)
21-05:40:16.816 [VRB] [HEAP-TEL] boundary: -752 bytes (bma=130 phl=100)
21-05:40:16.821 [VRB] [HEAP-TEL] inbound: -1020 bytes (heap=128432 pin=370 bma=130 phl=102 lt=0 revr=0)
21-05:40:16.824 [VRB] [HEAP-TEL] jobs: 560 bytes (heap=129804)
21-05:40:17.401 [VRB] [HEAP-TEL] boundary: -752 bytes (bma=130 phl=100)
21-05:40:17.406 [VRB] [HEAP-TEL] inbound: -1176 bytes (heap=128276 pin=371 bma=130 phl=102 lt=0 revr=0)
21-05:40:17.729 [VRB] [HEAP-TEL] boundary: -788 bytes (bma=132 phl=102)
21-05:40:17.734 [VRB] [HEAP-TEL] inbound: -1208 bytes (heap=127388 pin=373 bma=132 phl=104 lt=0 revr=0)
21-05:40:17.844 [VRB] [HEAP-TEL] jobs: 1152 bytes (heap=129492)
21-05:40:18.327 [VRB] [HEAP-TEL] boundary: -764 bytes (bma=130 phl=100)
21-05:40:18.332 [VRB] [HEAP-TEL] inbound: -1192 bytes (heap=127948 pin=374 bma=130 phl=102 lt=0 revr=0)
21-05:40:18.365 [VRB] [HEAP-TEL] jobs: 572 bytes (heap=129332)
21-05:40:18.375 [VRB] [HEAP-TEL] boundary: -772 bytes (bma=130 phl=100)
21-05:40:18.381 [VRB] [HEAP-TEL] inbound: -840 bytes (heap=128140 pin=375 bma=130 phl=102 lt=0 revr=0)
21-05:40:18.617 [VRB] [HEAP-TEL] jobs: 568 bytes (heap=129312)
21-05:40:19.575 [VRB] [HEAP-TEL] boundary: -792 bytes (bma=130 phl=100)
21-05:40:19.580 [VRB] [HEAP-TEL] inbound: -848 bytes (heap=127904 pin=376 bma=130 phl=102 lt=0 revr=0)
21-05:40:19.585 [VRB] [HEAP-TEL] boundary: -752 bytes (bma=132 phl=102)
21-05:40:19.590 [VRB] [HEAP-TEL] inbound: -1016 bytes (heap=127348 pin=377 bma=132 phl=104 lt=0 revr=0)
21-05:40:19.599 [VRB] [HEAP-TEL] boundary: -752 bytes (bma=134 phl=104)
21-05:40:19.604 [VRB] [HEAP-TEL] inbound: -1028 bytes (heap=126780 pin=378 bma=134 phl=106 lt=0 revr=0)
21-05:40:19.649 [VRB] [HEAP-TEL] jobs: 1700 bytes (heap=129152)
21-05:40:19.762 [VRB] [HEAP-TEL] boundary: -756 bytes (bma=130 phl=100)
21-05:40:19.767 [VRB] [HEAP-TEL] inbound: -824 bytes (heap=127908 pin=379 bma=130 phl=102 lt=0 revr=0)
21-05:40:19.915 [VRB] [HEAP-TEL] jobs: 572 bytes (heap=129292)
21-05:40:19.966 [VRB] [HEAP-TEL] boundary: -760 bytes (bma=130 phl=100)
21-05:40:19.971 [VRB] [HEAP-TEL] inbound: -1184 bytes (heap=127964 pin=380 bma=130 phl=102 lt=0 revr=0)
21-05:40:20.166 [VRB] [HEAP-TEL] boundary: -752 bytes (bma=132 phl=102)
21-05:40:20.170 [VRB] [HEAP-TEL] inbound: -1028 bytes (heap=127396 pin=381 bma=132 phl=104 lt=0 revr=0)
21-05:40:20.173 [VRB] [HEAP-TEL] jobs: 1168 bytes (heap=129168)
21-05:40:20.607 [VRB] [HEAP-TEL] boundary: -780 bytes (bma=130 phl=100)
21-05:40:20.611 [VRB] [HEAP-TEL] inbound: -1208 bytes (heap=127608 pin=382 bma=130 phl=102 lt=0 revr=0)
21-05:40:20.682 [VRB] [HEAP-TEL] jobs: 564 bytes (heap=128984)
21-05:40:22.010 [VRB] [HEAP-TEL] boundary: -756 bytes (bma=130 phl=100)
21-05:40:22.015 [VRB] [HEAP-TEL] inbound: -1036 bytes (heap=127596 pin=385 bma=130 phl=102 lt=0 revr=0)
21-05:40:22.233 [VRB] [HEAP-TEL] jobs: 576 bytes (heap=128984)
21-05:40:22.329 [VRB] [HEAP-TEL] boundary: -764 bytes (bma=130 phl=100)
21-05:40:22.335 [VRB] [HEAP-TEL] inbound: -996 bytes (heap=127416 pin=386 bma=130 phl=102 lt=0 revr=0)
21-05:40:22.339 [VRB] [HEAP-TEL] boundary: -756 bytes (bma=132 phl=102)
21-05:40:22.344 [VRB] [HEAP-TEL] inbound: -1172 bytes (heap=126704 pin=387 bma=132 phl=104 lt=0 revr=0)
21-05:40:22.499 [VRB] [HEAP-TEL] jobs: 1152 bytes (heap=128668)
21-05:40:22.625 [VRB] [HEAP-TEL] boundary: -752 bytes (bma=130 phl=100)
21-05:40:22.629 [VRB] [HEAP-TEL] inbound: -1180 bytes (heap=127136 pin=388 bma=130 phl=102 lt=0 revr=0)
21-05:40:22.752 [VRB] [HEAP-TEL] jobs: 592 bytes (heap=128540)
21-05:40:24.395 [VRB] [HEAP-TEL] boundary: -764 bytes (bma=130 phl=100)
21-05:40:24.400 [VRB] [HEAP-TEL] inbound: -1048 bytes (heap=127140 pin=389 bma=130 phl=102 lt=0 revr=0)
21-05:40:24.566 [VRB] [HEAP-TEL] jobs: 584 bytes (heap=128536)
21-05:40:25.089 [VRB] [HEAP-TEL] boundary: -752 bytes (bma=130 phl=100)
21-05:40:25.094 [VRB] [HEAP-TEL] inbound: -1200 bytes (heap=126888 pin=390 bma=130 phl=102 lt=0 revr=0)
21-05:40:25.098 [VRB] [HEAP-TEL] boundary: -760 bytes (bma=132 phl=102)
21-05:40:25.103 [VRB] [HEAP-TEL] inbound: -1028 bytes (heap=126320 pin=391 bma=132 phl=104 lt=0 revr=0)
21-05:40:25.109 [VRB] [HEAP-TEL] boundary: -752 bytes (bma=134 phl=104)
21-05:40:25.114 [VRB] [HEAP-TEL] inbound: -820 bytes (heap=125848 pin=392 bma=134 phl=106 lt=0 revr=0)
21-05:40:25.286 [VRB] [HEAP-TEL] boundary: -764 bytes (bma=136 phl=106)
21-05:40:25.291 [VRB] [HEAP-TEL] inbound: -1180 bytes (heap=125128 pin=394 bma=136 phl=108 lt=0 revr=0)
21-05:40:25.333 [VRB] [HEAP-TEL] jobs: 2180 bytes (heap=128120)
21-05:40:25.548 [VRB] [HEAP-TEL] boundary: -756 bytes (bma=130 phl=100)
21-05:40:25.553 [VRB] [HEAP-TEL] inbound: -1184 bytes (heap=126932 pin=395 bma=130 phl=102 lt=0 revr=0)
21-05:40:25.599 [VRB] [HEAP-TEL] jobs: 568 bytes (heap=128104)
21-05:40:25.801 [VRB] [HEAP-TEL] boundary: -756 bytes (bma=130 phl=100)
21-05:40:25.807 [VRB] [HEAP-TEL] inbound: -1192 bytes (heap=126560 pin=396 bma=130 phl=102 lt=0 revr=0)
21-05:40:25.851 [VRB] [HEAP-TEL] jobs: 584 bytes (heap=127956)
21-05:40:25.952 [VRB] [HEAP-TEL] boundary: -756 bytes (bma=130 phl=100)
21-05:40:25.956 [VRB] [HEAP-TEL] inbound: -1040 bytes (heap=125188 pin=397 bma=130 phl=102 lt=0 revr=0)
21-05:40:26.291 [VRB] [HEAP-TEL] boundary: -768 bytes (bma=132 phl=102)
21-05:40:26.296 [VRB] [HEAP-TEL] inbound: -1048 bytes (heap=125976 pin=399 bma=132 phl=104 lt=0 revr=0)
21-05:40:26.366 [VRB] [HEAP-TEL] jobs: 1172 bytes (heap=127960)
21-05:40:27.028 [VRB] [HEAP-TEL] boundary: -756 bytes (bma=130 phl=100)
21-05:40:27.034 [VRB] [HEAP-TEL] inbound: -1476 bytes (heap=126132 pin=400 bma=130 phl=102 lt=0 revr=0)
21-05:40:27.149 [VRB] [HEAP-TEL] jobs: 588 bytes (heap=127824)
21-05:40:27.748 [VRB] [HEAP-TEL] boundary: -764 bytes (bma=130 phl=100)
21-05:40:27.752 [VRB] [HEAP-TEL] inbound: -1188 bytes (heap=126284 pin=401 bma=130 phl=102 lt=0 revr=0)
21-05:40:27.916 [VRB] [HEAP-TEL] jobs: 584 bytes (heap=127680)
21-05:40:28.098 [VRB] [HEAP-TEL] boundary: -764 bytes (bma=130 phl=100)
21-05:40:28.102 [VRB] [HEAP-TEL] inbound: -1052 bytes (heap=126276 pin=403 bma=130 phl=102 lt=0 revr=0)
21-05:40:28.181 [VRB] [HEAP-TEL] jobs: 604 bytes (heap=127692)
21-05:40:28.875 [VRB] [HEAP-TEL] boundary: -788 bytes (bma=130 phl=100)
21-05:40:28.879 [VRB] [HEAP-TEL] inbound: -1064 bytes (heap=126484 pin=405 bma=130 phl=102 lt=0 revr=0)
21-05:40:28.948 [VRB] [HEAP-TEL] jobs: 588 bytes (heap=127676)
21-05:40:29.390 [VRB] [HEAP-TEL] boundary: -776 bytes (bma=130 phl=100)
21-05:40:29.396 [VRB] [HEAP-TEL] inbound: -1256 bytes (heap=126068 pin=406 bma=130 phl=102 lt=0 revr=0)
21-05:40:29.401 [VRB] [HEAP-TEL] boundary: -760 bytes (bma=132 phl=102)
21-05:40:29.406 [VRB] [HEAP-TEL] inbound: -1176 bytes (heap=125396 pin=407 bma=132 phl=104 lt=0 revr=0)
21-05:40:29.466 [VRB] [HEAP-TEL] jobs: 1144 bytes (heap=127352)
21-05:40:29.590 [VRB] [HEAP-TEL] boundary: -760 bytes (bma=130 phl=100)
21-05:40:29.594 [VRB] [HEAP-TEL] inbound: -828 bytes (heap=126172 pin=408 bma=130 phl=102 lt=0 revr=0)
21-05:40:29.599 [VRB] [HEAP-TEL] boundary: -764 bytes (bma=132 phl=102)
21-05:40:29.604 [VRB] [HEAP-TEL] inbound: -1036 bytes (heap=125596 pin=409 bma=132 phl=104 lt=0 revr=0)
21-05:40:29.691 [VRB] [HEAP-TEL] boundary: -764 bytes (bma=134 phl=104)
21-05:40:29.696 [VRB] [HEAP-TEL] inbound: -1028 bytes (heap=124800 pin=410 bma=134 phl=106 lt=0 revr=0)
21-05:40:29.732 [VRB] [HEAP-TEL] jobs: 1716 bytes (heap=127348)
21-05:40:30.306 [VRB] [HEAP-TEL] boundary: -752 bytes (bma=130 phl=100)
21-05:40:30.310 [VRB] [HEAP-TEL] inbound: -1036 bytes (heap=126168 pin=411 bma=130 phl=102 lt=0 revr=0)
21-05:40:30.499 [VRB] [HEAP-TEL] jobs: 584 bytes (heap=127356)
21-05:40:30.821 [VRB] [HEAP-TEL] boundary: -756 bytes (bma=130 phl=100)
21-05:40:30.825 [VRB] [HEAP-TEL] inbound: -1036 bytes (heap=125968 pin=413 bma=130 phl=102 lt=0 revr=0)
21-05:40:30.830 [VRB] [HEAP-TEL] boundary: -768 bytes (bma=132 phl=102)
21-05:40:30.835 [VRB] [HEAP-TEL] inbound: -1200 bytes (heap=125228 pin=414 bma=132 phl=104 lt=0 revr=0)
21-05:40:31.015 [VRB] [HEAP-TEL] jobs: 1156 bytes (heap=127196)
21-05:40:31.329 [VRB] [HEAP-TEL] boundary: -760 bytes (bma=130 phl=100)
21-05:40:31.334 [VRB] [HEAP-TEL] inbound: -1192 bytes (heap=125652 pin=415 bma=130 phl=102 lt=0 revr=0)
21-05:40:31.535 [VRB] [HEAP-TEL] boundary: -760 bytes (bma=132 phl=102)
21-05:40:31.540 [VRB] [HEAP-TEL] inbound: -1028 bytes (heap=125084 pin=416 bma=132 phl=104 lt=0 revr=0)
21-05:40:31.542 [VRB] [HEAP-TEL] jobs: 1180 bytes (heap=127084)
21-05:40:31.572 [VRB] [HEAP-TEL] boundary: -760 bytes (bma=130 phl=100)
21-05:40:31.577 [VRB] [HEAP-TEL] inbound: -1192 bytes (heap=125540 pin=417 bma=130 phl=102 lt=0 revr=0)
21-05:40:31.797 [VRB] [HEAP-TEL] jobs: 584 bytes (heap=126728)
21-05:40:32.967 [VRB] [HEAP-TEL] boundary: -780 bytes (bma=130 phl=100)
21-05:40:32.972 [VRB] [HEAP-TEL] inbound: -1068 bytes (heap=125516 pin=420 bma=130 phl=102 lt=0 revr=0)
21-05:40:33.080 [VRB] [HEAP-TEL] jobs: 580 bytes (heap=126908)
21-05:40:34.093 [VRB] [HEAP-TEL] boundary: -784 bytes (bma=130 phl=100)
21-05:40:34.097 [VRB] [HEAP-TEL] inbound: -1076 bytes (heap=125480 pin=421 bma=130 phl=102 lt=0 revr=0)
21-05:40:34.118 [VRB] [HEAP-TEL] jobs: 612 bytes (heap=126904)
21-05:40:34.605 [VRB] [HEAP-TEL] boundary: -788 bytes (bma=130 phl=100)
21-05:40:34.610 [VRB] [HEAP-TEL] inbound: -1064 bytes (heap=125696 pin=422 bma=130 phl=102 lt=0 revr=0)
21-05:40:34.628 [VRB] [HEAP-TEL] boundary: -756 bytes (bma=132 phl=102)
21-05:40:34.632 [VRB] [HEAP-TEL] inbound: -1020 bytes (heap=124928 pin=423 bma=132 phl=104 lt=0 revr=0)
21-05:40:34.636 [VRB] [HEAP-TEL] jobs: 1152 bytes (heap=126684)
21-05:40:34.731 [VRB] [HEAP-TEL] boundary: -752 bytes (bma=130 phl=100)
21-05:40:34.735 [VRB] [HEAP-TEL] inbound: -1016 bytes (heap=125524 pin=424 bma=130 phl=102 lt=0 revr=0)
21-05:40:34.813 [VRB] [HEAP-TEL] boundary: -772 bytes (bma=132 phl=102)
21-05:40:34.818 [VRB] [HEAP-TEL] inbound: -832 bytes (heap=124944 pin=425 bma=132 phl=104 lt=0 revr=0)
21-05:40:34.902 [VRB] [HEAP-TEL] jobs: 1148 bytes (heap=126904)
21-05:40:35.022 [VRB] [HEAP-TEL] boundary: -752 bytes (bma=130 phl=100)
21-05:40:35.026 [VRB] [HEAP-TEL] inbound: -1040 bytes (heap=125720 pin=426 bma=130 phl=102 lt=0 revr=0)
21-05:40:35.155 [VRB] [HEAP-TEL] jobs: 580 bytes (heap=126904)
21-05:40:37.165 [VRB] [HEAP-TEL] boundary: -752 bytes (bma=130 phl=100)
21-05:40:37.169 [VRB] [HEAP-TEL] inbound: -1188 bytes (heap=125364 pin=427 bma=130 phl=102 lt=0 revr=0)
21-05:40:37.219 [VRB] [HEAP-TEL] jobs: 584 bytes (heap=126760)
21-05:40:38.091 [VRB] [HEAP-TEL] boundary: -764 bytes (bma=130 phl=100)
21-05:40:38.096 [VRB] [HEAP-TEL] inbound: -1052 bytes (heap=125356 pin=428 bma=130 phl=102 lt=0 revr=0)
21-05:40:38.251 [VRB] [HEAP-TEL] jobs: 588 bytes (heap=126756)
21-05:40:39.115 [VRB] [HEAP-TEL] boundary: -764 bytes (bma=130 phl=100)
21-05:40:39.119 [VRB] [HEAP-TEL] inbound: -1052 bytes (heap=125352 pin=429 bma=130 phl=102 lt=0 revr=0)
21-05:40:39.284 [VRB] [HEAP-TEL] jobs: 580 bytes (heap=126744)
21-05:40:39.829 [VRB] [HEAP-TEL] boundary: -564 bytes (bma=130 phl=100)
21-05:40:39.834 [VRB] [HEAP-TEL] inbound: -1008 bytes (heap=125176 pin=430 bma=130 phl=102 lt=0 revr=0)
21-05:40:39.838 [VRB] [HEAP-TEL] boundary: -780 bytes (bma=132 phl=102)
21-05:40:39.843 [VRB] [HEAP-TEL] inbound: -1056 bytes (heap=124580 pin=431 bma=132 phl=104 lt=0 revr=0)
21-05:40:39.930 [VRB] [HEAP-TEL] boundary: -768 bytes (bma=134 phl=104)
21-05:40:39.934 [VRB] [HEAP-TEL] inbound: -1040 bytes (heap=124232 pin=432 bma=134 phl=106 lt=0 revr=0)
21-05:40:39.948 [VRB] [HEAP-TEL] boundary: -780 bytes (bma=136 phl=106)
21-05:40:39.953 [VRB] [HEAP-TEL] inbound: -1052 bytes (heap=123652 pin=433 bma=136 phl=108 lt=0 revr=0)
21-05:40:40.065 [VRB] [HEAP-TEL] jobs: 2312 bytes (heap=126592)
21-05:40:40.135 [VRB] [HEAP-TEL] boundary: -752 bytes (bma=130 phl=100)
21-05:40:40.139 [VRB] [HEAP-TEL] inbound: -1028 bytes (heap=125420 pin=434 bma=130 phl=102 lt=0 revr=0)
21-05:40:40.318 [VRB] [HEAP-TEL] jobs: 612 bytes (heap=126636)
21-05:40:40.345 [VRB] [HEAP-TEL] boundary: -756 bytes (bma=130 phl=100)
21-05:40:40.350 [VRB] [HEAP-TEL] inbound: -1024 bytes (heap=125240 pin=435 bma=130 phl=102 lt=0 revr=0)
21-05:40:40.582 [VRB] [HEAP-TEL] jobs: 564 bytes (heap=126636)
21-05:40:40.857 [VRB] [HEAP-TEL] boundary: -756 bytes (bma=130 phl=100)
21-05:40:40.861 [VRB] [HEAP-TEL] inbound: -1028 bytes (heap=125464 pin=436 bma=130 phl=102 lt=0 revr=0)
21-05:40:40.958 [VRB] [HEAP-TEL] boundary: -764 bytes (bma=132 phl=102)
21-05:40:40.962 [VRB] [HEAP-TEL] inbound: -1048 bytes (heap=124636 pin=437 bma=132 phl=104 lt=0 revr=0)
21-05:40:41.098 [VRB] [HEAP-TEL] jobs: 1132 bytes (heap=126612)
21-05:40:41.817 [VRB] [HEAP-TEL] boundary: -752 bytes (bma=130 phl=100)
21-05:40:41.821 [VRB] [HEAP-TEL] inbound: -1040 bytes (heap=125428 pin=439 bma=130 phl=102 lt=0 revr=0)
21-05:40:42.137 [VRB] mem: 126620 (43%) [-12336] flash: 3477504 (98%) [0] paths: 3 dsts: 5 revr: 0 annc: 0 held: 0
21-05:40:42.138 [VRB] preqs: 255 dpreqs: 0 ppreqs: 0 dprt: 32 cdsts: 2 chshs: 2
21-05:40:42.139 [VRB] phl: 100 rcp: 0 lt: 0 pl: 0 al: 0 tun: 0
21-05:40:42.140 [VRB] bla: 0 bma: 128
21-05:40:42.141 [VRB] pin: 439 pout: 399 padd: 0 dpr: 2 ikd: 0 ia: 0

21-05:40:42.142 [VRB] [HEAP-TEL] jobs: 588 bytes (heap=126620)
21-05:40:42.390 [VRB] [HEAP-TEL] boundary: -752 bytes (bma=130 phl=100)
21-05:40:42.394 [VRB] [HEAP-TEL] inbound: -1188 bytes (heap=125080 pin=440 bma=130 phl=102 lt=0 revr=0)
21-05:40:42.397 [VRB] [HEAP-TEL] jobs: 584 bytes (heap=126476)
21-05:40:43.104 [VRB] [HEAP-TEL] boundary: -756 bytes (bma=130 phl=100)
21-05:40:43.108 [VRB] [HEAP-TEL] inbound: -1196 bytes (heap=124928 pin=443 bma=130 phl=102 lt=0 revr=0)
21-05:40:43.152 [VRB] [HEAP-TEL] jobs: 580 bytes (heap=126180)
21-05:40:43.618 [VRB] [HEAP-TEL] boundary: -788 bytes (bma=130 phl=100)
21-05:40:43.622 [VRB] [HEAP-TEL] inbound: -1068 bytes (heap=124900 pin=444 bma=130 phl=102 lt=0 revr=0)
21-05:40:43.654 [VRB] [HEAP-TEL] jobs: 588 bytes (heap=126300)
21-05:40:43.664 [VRB] [HEAP-TEL] boundary: -792 bytes (bma=130 phl=100)
21-05:40:43.669 [VRB] [HEAP-TEL] inbound: -1064 bytes (heap=124676 pin=445 bma=130 phl=102 lt=0 revr=0)
21-05:40:43.727 [VRB] [HEAP-TEL] boundary: -772 bytes (bma=132 phl=102)
21-05:40:43.731 [VRB] [HEAP-TEL] inbound: -1056 bytes (heap=124288 pin=446 bma=132 phl=104 lt=0 revr=0)
21-05:40:43.903 [VRB] [HEAP-TEL] boundary: -772 bytes (bma=134 phl=104)
21-05:40:43.909 [VRB] [HEAP-TEL] inbound: -1052 bytes (heap=123704 pin=448 bma=134 phl=106 lt=0 revr=0)
21-05:40:43.911 [VRB] [HEAP-TEL] jobs: 1708 bytes (heap=126240)
21-05:40:44.032 [VRB] [HEAP-TEL] boundary: -752 bytes (bma=130 phl=100)
21-05:40:44.036 [VRB] [HEAP-TEL] inbound: -1032 bytes (heap=124856 pin=449 bma=130 phl=102 lt=0 revr=0)
21-05:40:44.076 [VRB] [HEAP-TEL] boundary: -760 bytes (bma=132 phl=102)
21-05:40:44.080 [VRB] [HEAP-TEL] inbound: -1024 bytes (heap=124292 pin=450 bma=132 phl=104 lt=0 revr=0)
21-05:40:44.162 [VRB] [HEAP-TEL] jobs: 1152 bytes (heap=126256)
21-05:40:44.340 [VRB] [HEAP-TEL] boundary: -752 bytes (bma=130 phl=100)
21-05:40:44.344 [VRB] [HEAP-TEL] inbound: -1032 bytes (heap=124872 pin=451 bma=130 phl=102 lt=0 revr=0)
21-05:40:44.418 [VRB] [HEAP-TEL] jobs: 580 bytes (heap=126264)
21-05:40:44.950 [VRB] [HEAP-TEL] boundary: -752 bytes (bma=130 phl=100)
21-05:40:44.954 [VRB] [HEAP-TEL] inbound: -1020 bytes (heap=124848 pin=452 bma=130 phl=102 lt=0 revr=0)
21-05:40:44.959 [VRB] [HEAP-TEL] boundary: -764 bytes (bma=132 phl=102)
21-05:40:44.964 [VRB] [HEAP-TEL] inbound: -1044 bytes (heap=124264 pin=453 bma=132 phl=104 lt=0 revr=0)
21-05:40:44.968 [VRB] [HEAP-TEL] boundary: -772 bytes (bma=134 phl=104)
21-05:40:44.973 [VRB] [HEAP-TEL] inbound: -1036 bytes (heap=123732 pin=454 bma=134 phl=106 lt=0 revr=0)
21-05:40:45.055 [VRB] [HEAP-TEL] boundary: -760 bytes (bma=136 phl=106)
21-05:40:45.060 [VRB] [HEAP-TEL] inbound: -836 bytes (heap=123356 pin=455 bma=136 phl=108 lt=0 revr=0)
21-05:40:45.185 [VRB] [HEAP-TEL] jobs: 2328 bytes (heap=126292)
21-05:40:45.281 [VRB] [HEAP-TEL] boundary: -752 bytes (bma=130 phl=100)
21-05:40:45.285 [VRB] [HEAP-TEL] inbound: -1028 bytes (heap=124912 pin=456 bma=130 phl=102 lt=0 revr=0)
21-05:40:45.305 [VRB] [HEAP-TEL] boundary: -756 bytes (bma=132 phl=102)
21-05:40:45.309 [VRB] [HEAP-TEL] inbound: -1188 bytes (heap=123976 pin=457 bma=132 phl=104 lt=0 revr=0)
21-05:40:45.450 [VRB] [HEAP-TEL] jobs: 1160 bytes (heap=126156)
21-05:40:46.077 [VRB] [HEAP-TEL] boundary: -1048 bytes (bma=130 phl=100)
21-05:40:46.082 [VRB] [HEAP-TEL] inbound: -1032 bytes (heap=124772 pin=458 bma=130 phl=102 lt=0 revr=0)
21-05:40:46.218 [VRB] [HEAP-TEL] jobs: 584 bytes (heap=126168)
21-05:40:46.593 [VRB] [HEAP-TEL] boundary: -752 bytes (bma=130 phl=100)
21-05:40:46.599 [VRB] [HEAP-TEL] inbound: -964 bytes (heap=124644 pin=460 bma=130 phl=102 lt=0 revr=0)
21-05:40:46.603 [VRB] [HEAP-TEL] boundary: -776 bytes (bma=132 phl=102)
21-05:40:46.608 [VRB] [HEAP-TEL] inbound: -1064 bytes (heap=124040 pin=461 bma=132 phl=104 lt=0 revr=0)
21-05:40:46.739 [VRB] [HEAP-TEL] jobs: 1156 bytes (heap=126008)
21-05:40:46.797 [VRB] [HEAP-TEL] boundary: -756 bytes (bma=130 phl=100)
21-05:40:46.801 [VRB] [HEAP-TEL] inbound: -1056 bytes (heap=124600 pin=462 bma=130 phl=102 lt=0 revr=0)
21-05:40:47.008 [VRB] [HEAP-TEL] jobs: 604 bytes (heap=126020)
21-05:40:47.818 [VRB] [HEAP-TEL] boundary: -760 bytes (bma=130 phl=100)
21-05:40:47.823 [VRB] [HEAP-TEL] inbound: -1048 bytes (heap=124828 pin=463 bma=130 phl=102 lt=0 revr=0)
21-05:40:48.041 [VRB] [HEAP-TEL] jobs: 584 bytes (heap=126016)
21-05:40:48.333 [VRB] [HEAP-TEL] boundary: -756 bytes (bma=130 phl=100)
21-05:40:48.337 [VRB] [HEAP-TEL] inbound: -1192 bytes (heap=124680 pin=464 bma=130 phl=102 lt=0 revr=0)
21-05:40:48.558 [VRB] [HEAP-TEL] jobs: 584 bytes (heap=125868)
21-05:40:49.660 [VRB] [HEAP-TEL] boundary: -756 bytes (bma=130 phl=100)
21-05:40:49.664 [VRB] [HEAP-TEL] inbound: -1056 bytes (heap=124668 pin=465 bma=130 phl=102 lt=0 revr=0)
21-05:40:49.842 [VRB] [HEAP-TEL] jobs: 596 bytes (heap=125868)
21-05:40:49.862 [VRB] [HEAP-TEL] boundary: -760 bytes (bma=130 phl=100)
21-05:40:49.866 [VRB] [HEAP-TEL] inbound: -1052 bytes (heap=124464 pin=466 bma=130 phl=102 lt=0 revr=0)
21-05:40:49.966 [VRB] [HEAP-TEL] boundary: -600 bytes (bma=132 phl=102)
21-05:40:49.970 [VRB] [HEAP-TEL] inbound: -868 bytes (heap=123848 pin=467 bma=132 phl=104 lt=0 revr=0)
21-05:40:49.998 [VRB] [HEAP-TEL] boundary: -772 bytes (bma=134 phl=104)
21-05:40:50.002 [VRB] [HEAP-TEL] inbound: -1040 bytes (heap=123476 pin=468 bma=134 phl=106 lt=0 revr=0)
21-05:40:50.109 [VRB] [HEAP-TEL] jobs: 1728 bytes (heap=125816)
21-05:40:50.382 [VRB] [HEAP-TEL] boundary: -756 bytes (bma=130 phl=100)
21-05:40:50.386 [VRB] [HEAP-TEL] inbound: -1192 bytes (heap=124272 pin=469 bma=130 phl=102 lt=0 revr=0)
21-05:40:50.391 [VRB] [HEAP-TEL] boundary: -800 bytes (bma=132 phl=102)
21-05:40:50.396 [VRB] [HEAP-TEL] inbound: -1072 bytes (heap=123660 pin=470 bma=132 phl=104 lt=0 revr=0)
21-05:40:50.624 [VRB] [HEAP-TEL] jobs: 1144 bytes (heap=125616)
21-05:40:51.502 [VRB] [HEAP-TEL] boundary: -752 bytes (bma=130 phl=100)
21-05:40:51.507 [VRB] [HEAP-TEL] inbound: -1188 bytes (heap=124076 pin=471 bma=130 phl=102 lt=0 revr=0)
21-05:40:51.612 [VRB] [HEAP-TEL] boundary: -776 bytes (bma=132 phl=102)
21-05:40:51.616 [VRB] [HEAP-TEL] inbound: -1052 bytes (heap=123484 pin=472 bma=132 phl=104 lt=0 revr=0)
21-05:40:51.656 [VRB] [HEAP-TEL] jobs: 1160 bytes (heap=125456)
21-05:40:51.843 [VRB] [HEAP-TEL] boundary: -756 bytes (bma=130 phl=100)
21-05:40:51.848 [VRB] [HEAP-TEL] inbound: -1196 bytes (heap=123908 pin=473 bma=130 phl=102 lt=0 revr=0)
21-05:40:51.908 [VRB] [HEAP-TEL] jobs: 576 bytes (heap=125296)
21-05:40:52.095 [VRB] [HEAP-TEL] boundary: -768 bytes (bma=130 phl=100)
21-05:40:52.100 [VRB] [HEAP-TEL] inbound: -1192 bytes (heap=123960 pin=474 bma=130 phl=102 lt=0 revr=0)
21-05:40:52.173 [VRB] [HEAP-TEL] jobs: 572 bytes (heap=125136)
21-05:40:52.633 [VRB] [HEAP-TEL] boundary: -768 bytes (bma=130 phl=100)
21-05:40:52.638 [VRB] [HEAP-TEL] inbound: -1180 bytes (heap=123812 pin=475 bma=130 phl=102 lt=0 revr=0)
21-05:40:52.690 [VRB] [HEAP-TEL] jobs: 588 bytes (heap=125004)
21-05:40:52.897 [VRB] [HEAP-TEL] boundary: -780 bytes (bma=130 phl=100)
21-05:40:52.903 [VRB] [HEAP-TEL] inbound: -1212 bytes (heap=123300 pin=476 bma=130 phl=102 lt=0 revr=0)
21-05:40:52.941 [VRB] [HEAP-TEL] jobs: 568 bytes (heap=124820)
21-05:40:53.243 [VRB] [HEAP-TEL] boundary: -776 bytes (bma=130 phl=100)
21-05:40:53.248 [VRB] [HEAP-TEL] inbound: -1048 bytes (heap=123420 pin=477 bma=130 phl=102 lt=0 revr=0)
21-05:40:53.457 [VRB] [HEAP-TEL] jobs: 600 bytes (heap=124832)
21-05:40:53.653 [VRB] [HEAP-TEL] boundary: -784 bytes (bma=130 phl=100)
21-05:40:53.657 [VRB] [HEAP-TEL] inbound: -1200 bytes (heap=123280 pin=478 bma=130 phl=102 lt=0 revr=0)
21-05:40:54.472 [VRB] [HEAP-TEL] boundary: -752 bytes (bma=132 phl=102)
21-05:40:54.477 [VRB] [HEAP-TEL] inbound: -1168 bytes (heap=122572 pin=480 bma=132 phl=104 lt=0 revr=0)
21-05:40:54.495 [VRB] [HEAP-TEL] jobs: 1144 bytes (heap=124528)
21-05:40:54.693 [VRB] [HEAP-TEL] boundary: -780 bytes (bma=130 phl=100)
21-05:40:54.698 [VRB] [HEAP-TEL] inbound: -1056 bytes (heap=123120 pin=481 bma=130 phl=102 lt=0 revr=0)
21-05:40:54.760 [VRB] [HEAP-TEL] jobs: 580 bytes (heap=124512)
21-05:40:54.854 [VRB] [HEAP-TEL] boundary: -760 bytes (bma=130 phl=100)
21-05:40:54.859 [VRB] [HEAP-TEL] inbound: -1036 bytes (heap=123124 pin=482 bma=130 phl=102 lt=0 revr=0)
21-05:40:54.985 [VRB] [HEAP-TEL] boundary: -768 bytes (bma=132 phl=102)
21-05:40:54.990 [VRB] [HEAP-TEL] inbound: -1200 bytes (heap=122384 pin=483 bma=132 phl=104 lt=0 revr=0)
21-05:40:55.013 [VRB] [HEAP-TEL] jobs: 1132 bytes (heap=124328)
21-05:40:55.033 [VRB] [HEAP-TEL] boundary: -752 bytes (bma=130 phl=100)
21-05:40:55.038 [VRB] [HEAP-TEL] inbound: -1028 bytes (heap=123156 pin=484 bma=130 phl=102 lt=0 revr=0)
21-05:40:55.278 [VRB] [HEAP-TEL] jobs: 572 bytes (heap=124332)
21-05:40:55.833 [VRB] [HEAP-TEL] boundary: -756 bytes (bma=130 phl=100)
21-05:40:55.837 [VRB] [HEAP-TEL] inbound: -1204 bytes (heap=122776 pin=485 bma=130 phl=102 lt=0 revr=0)
21-05:40:56.046 [VRB] [HEAP-TEL] jobs: 592 bytes (heap=122596)
21-05:40:57.031 [VRB] [HEAP-TEL] boundary: -760 bytes (bma=130 phl=100)
21-05:40:57.036 [VRB] [HEAP-TEL] inbound: -1040 bytes (heap=122788 pin=486 bma=130 phl=102 lt=0 revr=0)
21-05:40:57.080 [VRB] [HEAP-TEL] jobs: 584 bytes (heap=124184)
21-05:40:57.110 [VRB] [HEAP-TEL] boundary: -764 bytes (bma=130 phl=100)
21-05:40:57.115 [VRB] [HEAP-TEL] inbound: -1200 bytes (heap=122840 pin=487 bma=130 phl=102 lt=0 revr=0)
21-05:40:57.349 [VRB] [HEAP-TEL] boundary: -752 bytes (bma=132 phl=102)
21-05:40:57.355 [VRB] [HEAP-TEL] inbound: -1196 bytes (heap=121888 pin=488 bma=132 phl=104 lt=0 revr=0)
21-05:40:57.360 [VRB] [HEAP-TEL] boundary: -760 bytes (bma=134 phl=104)
21-05:40:57.365 [VRB] [HEAP-TEL] inbound: -1200 bytes (heap=121148 pin=489 bma=134 phl=106 lt=0 revr=0)
21-05:40:57.367 [VRB] [HEAP-TEL] jobs: 1752 bytes (heap=123720)
21-05:40:57.381 [VRB] [HEAP-TEL] boundary: -752 bytes (bma=130 phl=100)
21-05:40:57.385 [VRB] [HEAP-TEL] inbound: -1180 bytes (heap=122188 pin=490 bma=130 phl=102 lt=0 revr=0)
21-05:40:57.440 [VRB] [HEAP-TEL] boundary: -556 bytes (bma=132 phl=102)
21-05:40:57.446 [VRB] [HEAP-TEL] inbound: -980 bytes (heap=121460 pin=491 bma=132 phl=104 lt=0 revr=0)
21-05:40:57.546 [VRB] [HEAP-TEL] boundary: -756 bytes (bma=134 phl=104)
21-05:40:57.551 [VRB] [HEAP-TEL] inbound: -1172 bytes (heap=120956 pin=492 bma=134 phl=106 lt=0 revr=0)
21-05:40:57.561 [VRB] [HEAP-TEL] boundary: -776 bytes (bma=136 phl=106)
21-05:40:57.566 [VRB] [HEAP-TEL] inbound: -1196 bytes (heap=119996 pin=493 bma=136 phl=108 lt=0 revr=0)
21-05:40:57.609 [VRB] [HEAP-TEL] boundary: -764 bytes (bma=138 phl=108)
21-05:40:57.614 [VRB] [HEAP-TEL] inbound: -1180 bytes (heap=119280 pin=494 bma=138 phl=110 lt=0 revr=0)
21-05:40:57.618 [VRB] [HEAP-TEL] jobs: 2912 bytes (heap=123020)
21-05:40:57.749 [VRB] [HEAP-TEL] boundary: -752 bytes (bma=130 phl=100)
21-05:40:57.755 [VRB] [HEAP-TEL] inbound: -1208 bytes (heap=121460 pin=495 bma=130 phl=102 lt=0 revr=0)
21-05:40:57.759 [VRB] [HEAP-TEL] boundary: -756 bytes (bma=132 phl=102)
21-05:40:57.764 [VRB] [HEAP-TEL] inbound: -1188 bytes (heap=120772 pin=496 bma=132 phl=104 lt=0 revr=0)
21-05:40:57.870 [VRB] [HEAP-TEL] jobs: 1156 bytes (heap=122740)
21-05:40:57.955 [VRB] [HEAP-TEL] boundary: -744 bytes (bma=130 phl=100)
21-05:40:57.961 [VRB] [HEAP-TEL] inbound: -1212 bytes (heap=120968 pin=497 bma=130 phl=102 lt=0 revr=0)
21-05:40:57.965 [VRB] [HEAP-TEL] boundary: -772 bytes (bma=132 phl=102)
21-05:40:57.970 [VRB] [HEAP-TEL] inbound: -1188 bytes (heap=120440 pin=498 bma=132 phl=104 lt=0 revr=0)
21-05:40:57.974 [VRB] [HEAP-TEL] boundary: -780 bytes (bma=134 phl=104)
21-05:40:57.979 [VRB] [HEAP-TEL] inbound: -1240 bytes (heap=119700 pin=499 bma=134 phl=106 lt=0 revr=0)
[TcpIF] Connecting to rns.beleth.net:4242 (cached IP)...
[TcpIF] Cached IP failed, retrying with DNS
[TcpIF] Connecting to rns.beleth.net:4242 (DNS)...
[TcpIF] Resolved rns.beleth.net -> 129.213.74.184
[TcpIF] Failed to connect to rns.beleth.net:4242 (attempt 4, next retry in 120s)
21-05:41:09.999 [VRB] [HEAP-TEL] jobs: 1748 bytes (heap=121956)
21-05:41:10.004 [VRB] [HEAP-TEL] boundary: -760 bytes (bma=130 phl=100)
21-05:41:10.008 [VRB] [HEAP-TEL] inbound: -1044 bytes (heap=121040 pin=500 bma=130 phl=102 lt=0 revr=0)
21-05:41:10.013 [VRB] [HEAP-TEL] boundary: -776 bytes (bma=132 phl=102)
21-05:41:10.018 [VRB] [HEAP-TEL] inbound: -1052 bytes (heap=120448 pin=501 bma=132 phl=104 lt=0 revr=0)
21-05:41:10.022 [VRB] [HEAP-TEL] boundary: -772 bytes (bma=134 phl=104)
21-05:41:10.027 [VRB] [HEAP-TEL] inbound: -1220 bytes (heap=119692 pin=502 bma=134 phl=106 lt=0 revr=0)
21-05:41:10.031 [VRB] [HEAP-TEL] boundary: -764 bytes (bma=136 phl=106)
21-05:41:10.036 [VRB] [HEAP-TEL] inbound: -1188 bytes (heap=118968 pin=503 bma=136 phl=108 lt=0 revr=0)
21-05:41:10.040 [VRB] [HEAP-TEL] boundary: -768 bytes (bma=138 phl=108)
21-05:41:10.045 [VRB] [HEAP-TEL] inbound: -1188 bytes (heap=118248 pin=504 bma=138 phl=110 lt=0 revr=0)
21-05:41:10.049 [VRB] [HEAP-TEL] boundary: -760 bytes (bma=140 phl=110)
21-05:41:10.054 [VRB] [HEAP-TEL] inbound: -1188 bytes (heap=117520 pin=505 bma=140 phl=112 lt=0 revr=0)
21-05:41:10.115 [VRB] [HEAP-TEL] boundary: -764 bytes (bma=142 phl=112)
21-05:41:10.120 [VRB] [HEAP-TEL] inbound: -1192 bytes (heap=116596 pin=506 bma=142 phl=114 lt=0 revr=0)
21-05:41:10.261 [VRB] [HEAP-TEL] jobs: 4000 bytes (heap=121432)
21-05:41:13.826 [VRB] [HEAP-TEL] boundary: -752 bytes (bma=130 phl=100)
21-05:41:13.830 [VRB] [HEAP-TEL] inbound: -1168 bytes (heap=120120 pin=507 bma=130 phl=102 lt=0 revr=0)
21-05:41:13.835 [VRB] [HEAP-TEL] boundary: -752 bytes (bma=132 phl=102)
21-05:41:13.840 [VRB] [HEAP-TEL] inbound: -1172 bytes (heap=119408 pin=508 bma=132 phl=104 lt=0 revr=0)
21-05:41:13.844 [VRB] [HEAP-TEL] boundary: -760 bytes (bma=134 phl=104)
21-05:41:13.849 [VRB] [HEAP-TEL] inbound: -1200 bytes (heap=118668 pin=509 bma=134 phl=106 lt=0 revr=0)
21-05:41:13.853 [VRB] [HEAP-TEL] boundary: -780 bytes (bma=136 phl=106)
21-05:41:13.858 [VRB] [HEAP-TEL] inbound: -1240 bytes (heap=117888 pin=510 bma=136 phl=108 lt=0 revr=0)
21-05:41:13.862 [VRB] [HEAP-TEL] boundary: -764 bytes (bma=138 phl=108)
21-05:41:13.867 [VRB] [HEAP-TEL] inbound: -1180 bytes (heap=117172 pin=511 bma=138 phl=110 lt=0 revr=0)
21-05:41:13.871 [VRB] [HEAP-TEL] boundary: -760 bytes (bma=140 phl=110)
21-05:41:13.875 [VRB] [HEAP-TEL] inbound: -1176 bytes (heap=116456 pin=512 bma=140 phl=112 lt=0 revr=0)
21-05:41:13.879 [VRB] [HEAP-TEL] boundary: -780 bytes (bma=142 phl=112)
21-05:41:13.884 [VRB] [HEAP-TEL] inbound: -1204 bytes (heap=115712 pin=513 bma=142 phl=114 lt=0 revr=0)
21-05:41:13.918 [VRB] [HEAP-TEL] jobs: 4100 bytes (heap=120276)
21-05:41:14.139 [VRB] [HEAP-TEL] boundary: -744 bytes (bma=130 phl=100)
21-05:41:14.144 [VRB] [HEAP-TEL] inbound: -744 bytes (heap=118904 pin=514 bma=130 phl=102 lt=0 revr=0)
21-05:41:14.148 [VRB] [HEAP-TEL] boundary: -752 bytes (bma=132 phl=102)
21-05:41:14.153 [VRB] [HEAP-TEL] inbound: -1036 bytes (heap=118320 pin=515 bma=132 phl=104 lt=0 revr=0)
21-05:41:14.157 [VRB] [HEAP-TEL] boundary: -752 bytes (bma=134 phl=104)
21-05:41:14.161 [VRB] [HEAP-TEL] inbound: -1172 bytes (heap=117608 pin=516 bma=134 phl=106 lt=0 revr=0)
21-05:41:14.165 [VRB] [HEAP-TEL] boundary: -764 bytes (bma=136 phl=106)
21-05:41:14.170 [VRB] [HEAP-TEL] inbound: -1200 bytes (heap=116868 pin=517 bma=136 phl=108 lt=0 revr=0)
21-05:41:14.174 [VRB] [HEAP-TEL] boundary: -776 bytes (bma=138 phl=108)
21-05:41:14.179 [VRB] [HEAP-TEL] inbound: -1224 bytes (heap=116104 pin=518 bma=138 phl=110 lt=0 revr=0)
21-05:41:14.183 [VRB] [HEAP-TEL] boundary: -768 bytes (bma=140 phl=110)
21-05:41:14.188 [VRB] [HEAP-TEL] inbound: -1036 bytes (heap=115532 pin=519 bma=140 phl=112 lt=0 revr=0)
21-05:41:14.192 [VRB] [HEAP-TEL] boundary: -616 bytes (bma=142 phl=112)
21-05:41:14.197 [VRB] [HEAP-TEL] inbound: -880 bytes (heap=114968 pin=520 bma=142 phl=114 lt=0 revr=0)
21-05:41:14.201 [VRB] [HEAP-TEL] boundary: -772 bytes (bma=144 phl=114)
21-05:41:14.206 [VRB] [HEAP-TEL] inbound: -1036 bytes (heap=114392 pin=521 bma=144 phl=116 lt=0 revr=0)
21-05:41:14.210 [VRB] [HEAP-TEL] boundary: -756 bytes (bma=146 phl=116)
21-05:41:14.215 [VRB] [HEAP-TEL] inbound: -1176 bytes (heap=113676 pin=522 bma=146 phl=118 lt=0 revr=0)
21-05:41:14.219 [VRB] [HEAP-TEL] boundary: -760 bytes (bma=148 phl=118)
21-05:41:14.224 [VRB] [HEAP-TEL] inbound: -1028 bytes (heap=113108 pin=523 bma=148 phl=120 lt=0 revr=0)
21-05:41:14.228 [VRB] [HEAP-TEL] boundary: -772 bytes (bma=150 phl=120)
21-05:41:14.233 [VRB] [HEAP-TEL] inbound: -1196 bytes (heap=112372 pin=524 bma=150 phl=122 lt=0 revr=0)
21-05:41:14.245 [VRB] [HEAP-TEL] boundary: -756 bytes (bma=152 phl=122)
21-05:41:14.250 [VRB] [HEAP-TEL] inbound: -1032 bytes (heap=111800 pin=527 bma=152 phl=124 lt=0 revr=0)
21-05:41:14.254 [VRB] [HEAP-TEL] boundary: -756 bytes (bma=154 phl=124)
21-05:41:14.259 [VRB] [HEAP-TEL] inbound: -1172 bytes (heap=111088 pin=528 bma=154 phl=126 lt=0 revr=0)
21-05:41:14.263 [VRB] [HEAP-TEL] boundary: -760 bytes (bma=156 phl=126)
21-05:41:14.268 [VRB] [HEAP-TEL] inbound: -1024 bytes (heap=110528 pin=529 bma=156 phl=128 lt=0 revr=0)
21-05:41:14.272 [VRB] [HEAP-TEL] boundary: -760 bytes (bma=158 phl=128)
21-05:41:14.277 [VRB] [HEAP-TEL] inbound: -1184 bytes (heap=109808 pin=530 bma=158 phl=130 lt=0 revr=0)
21-05:41:14.280 [VRB] [HEAP-TEL] jobs: 8600 bytes (heap=119228)
21-05:41:14.340 [VRB] [HEAP-TEL] boundary: -752 bytes (bma=130 phl=100)
21-05:41:14.345 [VRB] [HEAP-TEL] inbound: -1016 bytes (heap=117780 pin=531 bma=130 phl=102 lt=0 revr=0)
21-05:41:14.350 [VRB] [HEAP-TEL] boundary: -752 bytes (bma=132 phl=102)
21-05:41:14.355 [VRB] [HEAP-TEL] inbound: -1020 bytes (heap=117220 pin=532 bma=132 phl=104 lt=0 revr=0)
21-05:41:14.364 [VRB] [HEAP-TEL] boundary: -752 bytes (bma=134 phl=104)
21-05:41:14.369 [VRB] [HEAP-TEL] inbound: -1020 bytes (heap=116660 pin=534 bma=134 phl=106 lt=0 revr=0)
21-05:41:14.373 [VRB] [HEAP-TEL] boundary: -752 bytes (bma=136 phl=106)
21-05:41:14.378 [VRB] [HEAP-TEL] inbound: -1168 bytes (heap=115948 pin=535 bma=136 phl=108 lt=0 revr=0)
21-05:41:14.382 [VRB] [HEAP-TEL] boundary: -756 bytes (bma=138 phl=108)
21-05:41:14.387 [VRB] [HEAP-TEL] inbound: -1196 bytes (heap=115212 pin=536 bma=138 phl=110 lt=0 revr=0)
21-05:41:14.391 [VRB] [HEAP-TEL] boundary: -764 bytes (bma=140 phl=110)
21-05:41:14.396 [VRB] [HEAP-TEL] inbound: -1208 bytes (heap=114464 pin=537 bma=140 phl=112 lt=0 revr=0)
21-05:41:14.400 [VRB] [HEAP-TEL] boundary: -788 bytes (bma=142 phl=112)
21-05:41:14.405 [VRB] [HEAP-TEL] inbound: -1232 bytes (heap=113696 pin=538 bma=142 phl=114 lt=0 revr=0)
21-05:41:14.409 [VRB] [HEAP-TEL] boundary: -780 bytes (bma=144 phl=114)
21-05:41:14.414 [VRB] [HEAP-TEL] inbound: -1228 bytes (heap=112932 pin=539 bma=144 phl=116 lt=0 revr=0)
21-05:41:14.418 [VRB] [HEAP-TEL] boundary: -780 bytes (bma=146 phl=116)
21-05:41:14.423 [VRB] [HEAP-TEL] inbound: -1212 bytes (heap=112200 pin=540 bma=146 phl=118 lt=0 revr=0)
21-05:41:14.427 [VRB] [HEAP-TEL] boundary: -772 bytes (bma=148 phl=118)
21-05:41:14.432 [VRB] [HEAP-TEL] inbound: -1212 bytes (heap=111460 pin=541 bma=148 phl=120 lt=0 revr=0)
21-05:41:14.436 [VRB] [HEAP-TEL] boundary: -780 bytes (bma=150 phl=120)
21-05:41:14.441 [VRB] [HEAP-TEL] inbound: -1204 bytes (heap=110728 pin=542 bma=150 phl=122 lt=0 revr=0)
21-05:41:14.445 [VRB] [HEAP-TEL] boundary: -756 bytes (bma=152 phl=122)
21-05:41:14.450 [VRB] [HEAP-TEL] inbound: -1040 bytes (heap=110148 pin=543 bma=152 phl=124 lt=0 revr=0)
21-05:41:14.454 [VRB] [HEAP-TEL] boundary: -776 bytes (bma=154 phl=124)
21-05:41:14.459 [VRB] [HEAP-TEL] inbound: -1208 bytes (heap=109404 pin=544 bma=154 phl=126 lt=0 revr=0)
21-05:41:14.463 [VRB] [HEAP-TEL] boundary: -764 bytes (bma=156 phl=126)
21-05:41:14.468 [VRB] [HEAP-TEL] inbound: -1184 bytes (heap=108684 pin=545 bma=156 phl=128 lt=0 revr=0)
21-05:41:14.472 [VRB] [HEAP-TEL] boundary: -772 bytes (bma=158 phl=128)
21-05:41:14.477 [VRB] [HEAP-TEL] inbound: -1192 bytes (heap=107956 pin=546 bma=158 phl=130 lt=0 revr=0)
21-05:41:14.481 [VRB] [HEAP-TEL] boundary: -780 bytes (bma=160 phl=130)
21-05:41:14.486 [VRB] [HEAP-TEL] inbound: -1196 bytes (heap=107232 pin=547 bma=160 phl=132 lt=0 revr=0)
21-05:41:14.492 [VRB] [HEAP-TEL] boundary: -772 bytes (bma=162 phl=132)
21-05:41:14.498 [VRB] [HEAP-TEL] inbound: -1336 bytes (heap=106408 pin=548 bma=162 phl=134 lt=0 revr=0)
21-05:41:14.506 [VRB] [HEAP-TEL] boundary: -780 bytes (bma=164 phl=134)
21-05:41:14.512 [VRB] [HEAP-TEL] inbound: -1196 bytes (heap=105672 pin=550 bma=164 phl=136 lt=0 revr=0)
21-05:41:14.516 [VRB] [HEAP-TEL] boundary: -760 bytes (bma=166 phl=136)
21-05:41:14.521 [VRB] [HEAP-TEL] inbound: -1172 bytes (heap=104972 pin=551 bma=166 phl=138 lt=0 revr=0)
21-05:41:14.525 [VRB] [HEAP-TEL] boundary: -788 bytes (bma=168 phl=138)
21-05:41:14.530 [VRB] [HEAP-TEL] inbound: -1052 bytes (heap=104380 pin=552 bma=168 phl=140 lt=0 revr=0)
21-05:41:14.538 [VRB] [HEAP-TEL] boundary: -760 bytes (bma=170 phl=140)
21-05:41:14.543 [VRB] [HEAP-TEL] inbound: -1188 bytes (heap=103656 pin=554 bma=170 phl=142 lt=0 revr=0)
21-05:41:14.547 [VRB] [HEAP-TEL] boundary: -780 bytes (bma=172 phl=142)
21-05:41:14.552 [VRB] [HEAP-TEL] inbound: -1192 bytes (heap=102928 pin=555 bma=172 phl=144 lt=0 revr=0)
21-05:41:14.556 [VRB] [HEAP-TEL] boundary: -768 bytes (bma=174 phl=144)
21-05:41:14.561 [VRB] [HEAP-TEL] inbound: -1188 bytes (heap=102208 pin=556 bma=174 phl=146 lt=0 revr=0)
21-05:41:14.565 [VRB] [HEAP-TEL] boundary: -764 bytes (bma=176 phl=146)
21-05:41:14.569 [VRB] [HEAP-TEL] inbound: -1176 bytes (heap=101500 pin=557 bma=176 phl=148 lt=0 revr=0)
21-05:41:14.573 [VRB] [HEAP-TEL] boundary: -764 bytes (bma=178 phl=148)
21-05:41:14.578 [VRB] [HEAP-TEL] inbound: -1028 bytes (heap=100940 pin=558 bma=178 phl=150 lt=0 revr=0)
21-05:41:14.582 [VRB] [HEAP-TEL] boundary: -772 bytes (bma=180 phl=150)
21-05:41:14.587 [VRB] [HEAP-TEL] inbound: -1036 bytes (heap=100372 pin=559 bma=180 phl=152 lt=0 revr=0)
21-05:41:14.591 [VRB] [HEAP-TEL] boundary: -764 bytes (bma=182 phl=152)
21-05:41:14.596 [VRB] [HEAP-TEL] inbound: -1180 bytes (heap=99660 pin=560 bma=182 phl=154 lt=0 revr=0)
21-05:41:14.600 [VRB] [HEAP-TEL] boundary: -772 bytes (bma=184 phl=154)
21-05:41:14.605 [VRB] [HEAP-TEL] inbound: -1036 bytes (heap=99088 pin=561 bma=184 phl=156 lt=0 revr=0)
21-05:41:14.609 [VRB] [HEAP-TEL] boundary: -776 bytes (bma=186 phl=156)
21-05:41:14.615 [VRB] [HEAP-TEL] inbound: -1640 bytes (heap=97908 pin=562 bma=186 phl=158 lt=0 revr=0)
21-05:41:14.619 [VRB] [HEAP-TEL] boundary: -764 bytes (bma=188 phl=158)
21-05:41:14.624 [VRB] [HEAP-TEL] inbound: -1028 bytes (heap=97776 pin=563 bma=188 phl=160 lt=0 revr=0)
21-05:41:14.628 [VRB] [HEAP-TEL] boundary: -772 bytes (bma=190 phl=160)
21-05:41:14.633 [VRB] [HEAP-TEL] inbound: -1036 bytes (heap=97280 pin=564 bma=190 phl=162 lt=0 revr=0)
21-05:41:14.637 [VRB] [HEAP-TEL] boundary: -756 bytes (bma=192 phl=162)
21-05:41:14.642 [VRB] [HEAP-TEL] inbound: -1176 bytes (heap=96564 pin=565 bma=192 phl=164 lt=0 revr=0)
21-05:41:14.646 [VRB] [HEAP-TEL] boundary: -756 bytes (bma=194 phl=164)
21-05:41:14.651 [VRB] [HEAP-TEL] inbound: -1168 bytes (heap=95856 pin=566 bma=194 phl=166 lt=0 revr=0)
21-05:41:14.655 [VRB] [HEAP-TEL] boundary: -768 bytes (bma=196 phl=166)
21-05:41:14.660 [VRB] [HEAP-TEL] inbound: -1184 bytes (heap=95136 pin=567 bma=196 phl=168 lt=0 revr=0)
21-05:41:14.664 [VRB] [HEAP-TEL] boundary: -764 bytes (bma=198 phl=168)
21-05:41:14.669 [VRB] [HEAP-TEL] inbound: -1184 bytes (heap=94416 pin=568 bma=198 phl=170 lt=0 revr=0)
21-05:41:14.674 [VRB] [HEAP-TEL] boundary: -756 bytes (bma=200 phl=170)
21-05:41:14.679 [VRB] [HEAP-TEL] inbound: -1172 bytes (heap=93704 pin=569 bma=200 phl=172 lt=0 revr=0)
21-05:41:14.683 [VRB] [HEAP-TEL] boundary: -780 bytes (bma=202 phl=172)
21-05:41:14.688 [VRB] [HEAP-TEL] inbound: -1044 bytes (heap=93120 pin=570 bma=202 phl=174 lt=0 revr=0)
21-05:41:14.697 [VRB] [HEAP-TEL] boundary: -780 bytes (bma=204 phl=174)
21-05:41:14.702 [VRB] [HEAP-TEL] inbound: -1044 bytes (heap=92540 pin=572 bma=204 phl=176 lt=0 revr=0)
21-05:41:14.706 [VRB] [HEAP-TEL] boundary: -756 bytes (bma=206 phl=176)
21-05:41:14.711 [VRB] [HEAP-TEL] inbound: -1180 bytes (heap=91820 pin=573 bma=206 phl=178 lt=0 revr=0)
21-05:41:14.715 [VRB] [HEAP-TEL] boundary: -772 bytes (bma=208 phl=178)
21-05:41:14.720 [VRB] [HEAP-TEL] inbound: -1184 bytes (heap=91096 pin=574 bma=208 phl=180 lt=0 revr=0)
21-05:41:14.724 [VRB] [HEAP-TEL] boundary: -760 bytes (bma=210 phl=180)
21-05:41:14.729 [VRB] [HEAP-TEL] inbound: -1024 bytes (heap=90536 pin=575 bma=210 phl=182 lt=0 revr=0)
21-05:41:14.733 [VRB] [HEAP-TEL] boundary: -764 bytes (bma=212 phl=182)
21-05:41:14.738 [VRB] [HEAP-TEL] inbound: -1028 bytes (heap=89972 pin=576 bma=212 phl=184 lt=0 revr=0)
21-05:41:14.742 [VRB] [HEAP-TEL] boundary: -764 bytes (bma=214 phl=184)
21-05:41:14.746 [VRB] [HEAP-TEL] inbound: -1028 bytes (heap=89404 pin=577 bma=214 phl=186 lt=0 revr=0)
21-05:41:14.750 [VRB] [HEAP-TEL] boundary: -764 bytes (bma=216 phl=186)
21-05:41:14.755 [VRB] [HEAP-TEL] inbound: -1180 bytes (heap=88684 pin=578 bma=216 phl=188 lt=0 revr=0)
21-05:41:14.759 [VRB] [HEAP-TEL] boundary: -760 bytes (bma=218 phl=188)
21-05:41:14.764 [VRB] [HEAP-TEL] inbound: -1024 bytes (heap=88120 pin=579 bma=218 phl=190 lt=0 revr=0)
21-05:41:14.768 [VRB] [HEAP-TEL] boundary: -760 bytes (bma=220 phl=190)
21-05:41:14.773 [VRB] [HEAP-TEL] inbound: -1180 bytes (heap=87400 pin=580 bma=220 phl=192 lt=0 revr=0)
21-05:41:14.783 [VRB] [HEAP-TEL] boundary: -760 bytes (bma=222 phl=192)
21-05:41:14.788 [VRB] [HEAP-TEL] inbound: -1024 bytes (heap=86944 pin=582 bma=222 phl=194 lt=0 revr=0)
21-05:41:14.792 [VRB] [HEAP-TEL] jobs: 26928 bytes (heap=114684)
21-05:41:15.173 [VRB] [HEAP-TEL] boundary: -752 bytes (bma=130 phl=100)
21-05:41:15.177 [VRB] [HEAP-TEL] inbound: -1016 bytes (heap=113320 pin=584 bma=130 phl=102 lt=0 revr=0)
21-05:41:15.208 [VRB] [HEAP-TEL] boundary: -752 bytes (bma=132 phl=102)
21-05:41:15.212 [VRB] [HEAP-TEL] inbound: -1016 bytes (heap=112756 pin=585 bma=132 phl=104 lt=0 revr=0)
21-05:41:15.296 [VRB] [HEAP-TEL] jobs: 1140 bytes (heap=114716)
21-05:41:15.361 [VRB] [HEAP-TEL] boundary: -752 bytes (bma=130 phl=100)
21-05:41:15.365 [VRB] [HEAP-TEL] inbound: -1016 bytes (heap=113556 pin=586 bma=130 phl=102 lt=0 revr=0)
21-05:41:15.374 [VRB] [HEAP-TEL] boundary: -752 bytes (bma=132 phl=102)
21-05:41:15.377 [VRB] [HEAP-TEL] inbound: -1016 bytes (heap=113000 pin=587 bma=132 phl=104 lt=0 revr=0)
21-05:41:15.548 [VRB] [HEAP-TEL] jobs: 1112 bytes (heap=114716)
21-05:41:15.569 [VRB] [HEAP-TEL] boundary: -752 bytes (bma=130 phl=100)
21-05:41:15.574 [VRB] [HEAP-TEL] inbound: -1016 bytes (heap=113556 pin=588 bma=130 phl=102 lt=0 revr=0)
21-05:41:15.595 [VRB] [HEAP-TEL] boundary: -752 bytes (bma=132 phl=102)
21-05:41:15.599 [VRB] [HEAP-TEL] inbound: -1164 bytes (heap=112644 pin=589 bma=132 phl=104 lt=0 revr=0)
21-05:41:15.800 [VRB] [HEAP-TEL] jobs: 1128 bytes (heap=114584)
21-05:41:15.874 [VRB] [HEAP-TEL] boundary: -752 bytes (bma=130 phl=100)
21-05:41:15.879 [VRB] [HEAP-TEL] inbound: -1164 bytes (heap=113068 pin=590 bma=130 phl=102 lt=0 revr=0)
21-05:41:16.052 [VRB] [HEAP-TEL] jobs: 560 bytes (heap=114440)
21-05:41:16.285 [VRB] [HEAP-TEL] boundary: -752 bytes (bma=130 phl=100)
21-05:41:16.290 [VRB] [HEAP-TEL] inbound: -1016 bytes (heap=113280 pin=591 bma=130 phl=102 lt=0 revr=0)
21-05:41:16.303 [VRB] [HEAP-TEL] jobs: 580 bytes (heap=114464)
21-05:41:17.108 [VRB] [HEAP-TEL] boundary: -752 bytes (bma=130 phl=100)
21-05:41:17.113 [VRB] [HEAP-TEL] inbound: -1168 bytes (heap=113152 pin=593 bma=130 phl=102 lt=0 revr=0)
21-05:41:17.118 [VRB] [HEAP-TEL] boundary: -752 bytes (bma=132 phl=102)
21-05:41:17.123 [VRB] [HEAP-TEL] inbound: -1168 bytes (heap=112444 pin=594 bma=132 phl=104 lt=0 revr=0)
21-05:41:17.314 [VRB] [HEAP-TEL] jobs: 1168 bytes (heap=114216)
21-05:41:18.537 [VRB] [HEAP-TEL] boundary: -752 bytes (bma=130 phl=100)
21-05:41:18.541 [VRB] [HEAP-TEL] inbound: -1020 bytes (heap=112844 pin=597 bma=130 phl=102 lt=0 revr=0)
21-05:41:18.612 [VRB] [HEAP-TEL] jobs: 560 bytes (heap=114216)
21-05:41:19.687 [VRB] [HEAP-TEL] boundary: -752 bytes (bma=130 phl=100)
21-05:41:19.691 [VRB] [HEAP-TEL] inbound: -1024 bytes (heap=113048 pin=600 bma=130 phl=102 lt=0 revr=0)
21-05:41:19.897 [VRB] [HEAP-TEL] jobs: 576 bytes (heap=114228)
21-05:41:20.280 [VRB] [HEAP-TEL] boundary: -760 bytes (bma=130 phl=100)
21-05:41:20.284 [VRB] [HEAP-TEL] inbound: -1032 bytes (heap=112844 pin=601 bma=130 phl=102 lt=0 revr=0)
21-05:41:20.414 [VRB] [HEAP-TEL] jobs: 584 bytes (heap=114240)
21-05:41:21.543 [VRB] [HEAP-TEL] boundary: -760 bytes (bma=130 phl=100)
21-05:41:21.548 [VRB] [HEAP-TEL] inbound: -1180 bytes (heap=112708 pin=605 bma=130 phl=102 lt=0 revr=0)
21-05:41:21.714 [VRB] [HEAP-TEL] jobs: 576 bytes (heap=114096)
21-05:41:23.147 [VRB] [HEAP-TEL] boundary: -760 bytes (bma=130 phl=100)
21-05:41:23.151 [VRB] [HEAP-TEL] inbound: -1188 bytes (heap=112556 pin=606 bma=130 phl=102 lt=0 revr=0)
21-05:41:23.262 [VRB] [HEAP-TEL] jobs: 572 bytes (heap=113940)
21-05:41:23.351 [VRB] [HEAP-TEL] boundary: -760 bytes (bma=130 phl=100)
21-05:41:23.356 [VRB] [HEAP-TEL] inbound: -1200 bytes (heap=112388 pin=607 bma=130 phl=102 lt=0 revr=0)
21-05:41:23.398 [VRB] [HEAP-TEL] boundary: -764 bytes (bma=132 phl=102)
21-05:41:23.403 [VRB] [HEAP-TEL] inbound: -832 bytes (heap=112004 pin=608 bma=132 phl=104 lt=0 revr=0)
21-05:41:23.514 [VRB] [HEAP-TEL] jobs: 1148 bytes (heap=113760)
21-05:41:23.866 [VRB] [HEAP-TEL] boundary: -768 bytes (bma=130 phl=100)
21-05:41:23.870 [VRB] [HEAP-TEL] inbound: -1056 bytes (heap=112348 pin=612 bma=130 phl=102 lt=0 revr=0)
21-05:41:23.897 [VRB] [HEAP-TEL] boundary: -788 bytes (bma=132 phl=102)
21-05:41:23.903 [VRB] [HEAP-TEL] inbound: -1228 bytes (heap=111584 pin=613 bma=132 phl=104 lt=0 revr=0)
21-05:41:24.033 [VRB] [HEAP-TEL] jobs: 1148 bytes (heap=113552)
21-05:41:24.146 [VRB] [HEAP-TEL] boundary: -764 bytes (bma=130 phl=100)
21-05:41:24.151 [VRB] [HEAP-TEL] inbound: -1204 bytes (heap=111996 pin=614 bma=130 phl=102 lt=0 revr=0)
21-05:41:24.299 [VRB] [HEAP-TEL] jobs: 592 bytes (heap=113400)
21-05:41:24.682 [VRB] [HEAP-TEL] boundary: -780 bytes (bma=130 phl=100)
21-05:41:24.686 [VRB] [HEAP-TEL] inbound: -1060 bytes (heap=111988 pin=615 bma=130 phl=102 lt=0 revr=0)
21-05:41:25.199 [VRB] [HEAP-TEL] boundary: -800 bytes (bma=132 phl=102)
21-05:41:25.204 [VRB] [HEAP-TEL] inbound: -1076 bytes (heap=111372 pin=618 bma=132 phl=104 lt=0 revr=0)
21-05:41:25.209 [VRB] [HEAP-TEL] boundary: -792 bytes (bma=134 phl=104)
21-05:41:25.214 [VRB] [HEAP-TEL] inbound: -1068 bytes (heap=110768 pin=619 bma=134 phl=106 lt=0 revr=0)
21-05:41:25.334 [VRB] [HEAP-TEL] jobs: 1708 bytes (heap=113308)
21-05:41:25.965 [VRB] [HEAP-TEL] boundary: -756 bytes (bma=130 phl=100)
21-05:41:25.970 [VRB] [HEAP-TEL] inbound: -1196 bytes (heap=111760 pin=623 bma=130 phl=102 lt=0 revr=0)
21-05:41:26.103 [VRB] [HEAP-TEL] jobs: 596 bytes (heap=111584)
21-05:41:28.378 [VRB] [HEAP-TEL] boundary: -808 bytes (bma=130 phl=100)
21-05:41:28.382 [VRB] [HEAP-TEL] inbound: -1080 bytes (heap=111736 pin=625 bma=130 phl=102 lt=0 revr=0)
21-05:41:28.433 [VRB] [HEAP-TEL] jobs: 588 bytes (heap=113136)
21-05:41:28.780 [VRB] [HEAP-TEL] boundary: -788 bytes (bma=130 phl=100)
21-05:41:28.785 [VRB] [HEAP-TEL] inbound: -1064 bytes (heap=111720 pin=626 bma=130 phl=102 lt=0 revr=0)
21-05:41:28.950 [VRB] [HEAP-TEL] jobs: 572 bytes (heap=113108)
21-05:41:29.091 [VRB] [HEAP-TEL] boundary: -768 bytes (bma=130 phl=100)
21-05:41:29.095 [VRB] [HEAP-TEL] inbound: -1056 bytes (heap=111700 pin=627 bma=130 phl=102 lt=0 revr=0)
21-05:41:29.202 [VRB] [HEAP-TEL] jobs: 580 bytes (heap=112888)
21-05:41:31.139 [VRB] [HEAP-TEL] boundary: -780 bytes (bma=130 phl=100)
21-05:41:31.144 [VRB] [HEAP-TEL] inbound: -1064 bytes (heap=111680 pin=629 bma=130 phl=102 lt=0 revr=0)
21-05:41:31.273 [VRB] [HEAP-TEL] jobs: 588 bytes (heap=113084)
21-05:41:32.058 [VRB] [HEAP-TEL] boundary: -776 bytes (bma=130 phl=100)
21-05:41:32.062 [VRB] [HEAP-TEL] inbound: -1052 bytes (heap=111680 pin=630 bma=130 phl=102 lt=0 revr=0)
21-05:41:32.065 [VRB] [HEAP-TEL] jobs: 576 bytes (heap=113072)
21-05:41:33.287 [VRB] [HEAP-TEL] boundary: -772 bytes (bma=130 phl=100)
21-05:41:33.291 [VRB] [HEAP-TEL] inbound: -1040 bytes (heap=111680 pin=631 bma=130 phl=102 lt=0 revr=0)
21-05:41:33.338 [VRB] [HEAP-TEL] jobs: 576 bytes (heap=113068)
21-05:41:33.914 [VRB] [HEAP-TEL] boundary: -760 bytes (bma=130 phl=100)
21-05:41:33.919 [VRB] [HEAP-TEL] inbound: -1028 bytes (heap=111688 pin=633 bma=130 phl=102 lt=0 revr=0)
21-05:41:33.962 [VRB] [HEAP-TEL] boundary: -764 bytes (bma=132 phl=102)
21-05:41:33.966 [VRB] [HEAP-TEL] inbound: -1032 bytes (heap=111324 pin=634 bma=132 phl=104 lt=0 revr=0)
21-05:41:34.129 [VRB] [HEAP-TEL] boundary: -764 bytes (bma=134 phl=104)
21-05:41:34.134 [VRB] [HEAP-TEL] inbound: -1188 bytes (heap=110380 pin=635 bma=134 phl=106 lt=0 revr=0)
21-05:41:34.136 [VRB] [HEAP-TEL] jobs: 1716 bytes (heap=112928)
21-05:41:34.313 [VRB] [HEAP-TEL] boundary: -792 bytes (bma=130 phl=100)
21-05:41:34.318 [VRB] [HEAP-TEL] inbound: -1068 bytes (heap=111460 pin=637 bma=130 phl=102 lt=0 revr=0)
21-05:41:34.323 [VRB] [HEAP-TEL] boundary: -776 bytes (bma=132 phl=102)
21-05:41:34.328 [VRB] [HEAP-TEL] inbound: -1192 bytes (heap=110780 pin=638 bma=132 phl=104 lt=0 revr=0)
21-05:41:34.388 [VRB] [HEAP-TEL] jobs: 1156 bytes (heap=112752)
21-05:41:34.436 [VRB] [HEAP-TEL] boundary: -800 bytes (bma=130 phl=100)
21-05:41:34.441 [VRB] [HEAP-TEL] inbound: -1068 bytes (heap=111332 pin=639 bma=130 phl=102 lt=0 revr=0)
21-05:41:34.616 [VRB] [HEAP-TEL] boundary: -796 bytes (bma=132 phl=102)
21-05:41:34.621 [VRB] [HEAP-TEL] inbound: -1064 bytes (heap=110940 pin=640 bma=132 phl=104 lt=0 revr=0)
21-05:41:34.655 [VRB] [HEAP-TEL] jobs: 1156 bytes (heap=112724)
21-05:41:35.023 [VRB] [HEAP-TEL] boundary: -784 bytes (bma=130 phl=100)
21-05:41:35.027 [VRB] [HEAP-TEL] inbound: -1048 bytes (heap=111532 pin=641 bma=130 phl=102 lt=0 revr=0)
21-05:41:35.058 [VRB] [HEAP-TEL] boundary: -784 bytes (bma=132 phl=102)
21-05:41:35.062 [VRB] [HEAP-TEL] inbound: -1224 bytes (heap=110548 pin=642 bma=132 phl=104 lt=0 revr=0)
21-05:41:35.171 [VRB] [HEAP-TEL] jobs: 1124 bytes (heap=112536)
21-05:41:35.233 [VRB] [HEAP-TEL] boundary: -768 bytes (bma=130 phl=100)
21-05:41:35.238 [VRB] [HEAP-TEL] inbound: -828 bytes (heap=111128 pin=643 bma=130 phl=102 lt=0 revr=0)
21-05:41:35.243 [VRB] [HEAP-TEL] boundary: -772 bytes (bma=132 phl=102)
21-05:41:35.248 [VRB] [HEAP-TEL] inbound: -1196 bytes (heap=110404 pin=644 bma=132 phl=104 lt=0 revr=0)
21-05:41:35.263 [VRB] [HEAP-TEL] boundary: -780 bytes (bma=134 phl=104)
21-05:41:35.267 [VRB] [HEAP-TEL] inbound: -1064 bytes (heap=109800 pin=645 bma=134 phl=106 lt=0 revr=0)
21-05:41:35.346 [VRB] [HEAP-TEL] boundary: -768 bytes (bma=136 phl=106)
21-05:41:35.350 [VRB] [HEAP-TEL] inbound: -1032 bytes (heap=109228 pin=646 bma=136 phl=108 lt=0 revr=0)
21-05:41:35.423 [VRB] [HEAP-TEL] jobs: 2288 bytes (heap=112208)
21-05:41:35.436 [VRB] [HEAP-TEL] boundary: -748 bytes (bma=130 phl=100)
21-05:41:35.441 [VRB] [HEAP-TEL] inbound: -1016 bytes (heap=111188 pin=647 bma=130 phl=102 lt=0 revr=0)
21-05:41:35.468 [VRB] [HEAP-TEL] boundary: -752 bytes (bma=132 phl=102)
21-05:41:35.473 [VRB] [HEAP-TEL] inbound: -1172 bytes (heap=110240 pin=648 bma=132 phl=104 lt=0 revr=0)
21-05:41:35.638 [VRB] [HEAP-TEL] boundary: -764 bytes (bma=134 phl=104)
21-05:41:35.643 [VRB] [HEAP-TEL] inbound: -1036 bytes (heap=109660 pin=649 bma=134 phl=106 lt=0 revr=0)
21-05:41:35.691 [VRB] [HEAP-TEL] boundary: -756 bytes (bma=136 phl=106)
21-05:41:35.695 [VRB] [HEAP-TEL] inbound: -1028 bytes (heap=109088 pin=650 bma=136 phl=108 lt=0 revr=0)
21-05:41:35.697 [VRB] [HEAP-TEL] jobs: 2284 bytes (heap=112204)
21-05:41:35.863 [VRB] [HEAP-TEL] boundary: -776 bytes (bma=130 phl=100)
21-05:41:35.867 [VRB] [HEAP-TEL] inbound: -1040 bytes (heap=110800 pin=651 bma=130 phl=102 lt=0 revr=0)
21-05:41:35.945 [VRB] [HEAP-TEL] boundary: -760 bytes (bma=132 phl=102)
21-05:41:35.949 [VRB] [HEAP-TEL] inbound: -1036 bytes (heap=110228 pin=652 bma=132 phl=104 lt=0 revr=0)
21-05:41:35.952 [VRB] [HEAP-TEL] jobs: 1148 bytes (heap=112196)
21-05:41:36.252 [VRB] [HEAP-TEL] boundary: -776 bytes (bma=130 phl=100)
21-05:41:36.257 [VRB] [HEAP-TEL] inbound: -1212 bytes (heap=110632 pin=654 bma=130 phl=102 lt=0 revr=0)
21-05:41:36.286 [VRB] [HEAP-TEL] boundary: -548 bytes (bma=132 phl=102)
21-05:41:36.290 [VRB] [HEAP-TEL] inbound: -832 bytes (heap=110280 pin=655 bma=132 phl=104 lt=0 revr=0)
21-05:41:36.456 [VRB] [HEAP-TEL] jobs: 1132 bytes (heap=112012)
21-05:41:36.464 [VRB] [HEAP-TEL] boundary: -552 bytes (bma=130 phl=100)
21-05:41:36.468 [VRB] [HEAP-TEL] inbound: -824 bytes (heap=110616 pin=656 bma=130 phl=102 lt=0 revr=0)
21-05:41:36.473 [VRB] [HEAP-TEL] boundary: -756 bytes (bma=132 phl=102)
21-05:41:36.478 [VRB] [HEAP-TEL] inbound: -1192 bytes (heap=109880 pin=657 bma=132 phl=104 lt=0 revr=0)
21-05:41:36.668 [VRB] [HEAP-TEL] boundary: -756 bytes (bma=134 phl=104)
21-05:41:36.672 [VRB] [HEAP-TEL] inbound: -1020 bytes (heap=109328 pin=658 bma=134 phl=106 lt=0 revr=0)
21-05:41:36.684 [VRB] [HEAP-TEL] boundary: -752 bytes (bma=136 phl=106)
21-05:41:36.689 [VRB] [HEAP-TEL] inbound: -1032 bytes (heap=108752 pin=659 bma=136 phl=108 lt=0 revr=0)
21-05:41:36.724 [VRB] [HEAP-TEL] jobs: 2292 bytes (heap=111856)
21-05:41:36.976 [VRB] [HEAP-TEL] boundary: -748 bytes (bma=130 phl=100)
21-05:41:36.980 [VRB] [HEAP-TEL] inbound: -1024 bytes (heap=110688 pin=660 bma=130 phl=102 lt=0 revr=0)
21-05:41:36.983 [VRB] [HEAP-TEL] jobs: 556 bytes (heap=111844)
21-05:41:38.417 [VRB] [HEAP-TEL] boundary: -748 bytes (bma=130 phl=100)
21-05:41:38.421 [VRB] [HEAP-TEL] inbound: -1012 bytes (heap=110476 pin=662 bma=130 phl=102 lt=0 revr=0)
21-05:41:39.324 [VRB] [HEAP-TEL] boundary: -760 bytes (bma=132 phl=102)
21-05:41:39.329 [VRB] [HEAP-TEL] inbound: -1024 bytes (heap=109912 pin=664 bma=132 phl=104 lt=0 revr=0)
21-05:41:39.566 [VRB] [HEAP-TEL] jobs: 1124 bytes (heap=111844)
21-05:41:39.663 [VRB] [HEAP-TEL] boundary: -760 bytes (bma=130 phl=100)
21-05:41:39.667 [VRB] [HEAP-TEL] inbound: -1036 bytes (heap=110456 pin=665 bma=130 phl=102 lt=0 revr=0)
21-05:41:39.833 [VRB] [HEAP-TEL] jobs: 564 bytes (heap=111828)
21-05:41:40.351 [VRB] [HEAP-TEL] boundary: -748 bytes (bma=130 phl=100)
21-05:41:40.356 [VRB] [HEAP-TEL] inbound: -1028 bytes (heap=110448 pin=666 bma=130 phl=102 lt=0 revr=0)
21-05:41:40.361 [VRB] [HEAP-TEL] boundary: -748 bytes (bma=132 phl=102)
21-05:41:40.366 [VRB] [HEAP-TEL] inbound: -1160 bytes (heap=109744 pin=667 bma=132 phl=104 lt=0 revr=0)
21-05:41:40.368 [VRB] [HEAP-TEL] jobs: 1132 bytes (heap=111684)
21-05:41:40.765 [VRB] [HEAP-TEL] boundary: -748 bytes (bma=130 phl=100)
21-05:41:40.769 [VRB] [HEAP-TEL] inbound: -1016 bytes (heap=110108 pin=668 bma=130 phl=102 lt=0 revr=0)
21-05:41:41.682 [VRB] [HEAP-TEL] boundary: -752 bytes (bma=132 phl=102)
21-05:41:41.687 [VRB] [HEAP-TEL] inbound: -1176 bytes (heap=109596 pin=670 bma=132 phl=104 lt=0 revr=0)
21-05:41:42.067 [VRB] [HEAP-TEL] jobs: 1132 bytes (heap=111536)
21-05:41:42.381 [VRB] mem: 111536 (39%) [-15084] flash: 3477504 (98%) [0] paths: 3 dsts: 5 revr: 0 annc: 0 held: 0
21-05:41:42.382 [VRB] preqs: 352 dpreqs: 0 ppreqs: 0 dprt: 32 cdsts: 2 chshs: 2
21-05:41:42.383 [VRB] phl: 100 rcp: 0 lt: 0 pl: 0 al: 0 tun: 0
21-05:41:42.384 [VRB] bla: 0 bma: 128
21-05:41:42.385 [VRB] pin: 670 pout: 593 padd: 0 dpr: 2 ikd: 0 ia: 0

21-05:41:42.500 [VRB] [HEAP-TEL] boundary: -756 bytes (bma=130 phl=100)
21-05:41:42.506 [VRB] [HEAP-TEL] inbound: -1244 bytes (heap=109940 pin=671 bma=130 phl=102 lt=0 revr=0)
21-05:41:42.510 [VRB] [HEAP-TEL] boundary: -752 bytes (bma=132 phl=102)
21-05:41:42.515 [VRB] [HEAP-TEL] inbound: -1184 bytes (heap=109260 pin=672 bma=132 phl=104 lt=0 revr=0)
21-05:41:42.637 [VRB] [HEAP-TEL] jobs: 1152 bytes (heap=111220)
21-05:41:42.705 [VRB] [HEAP-TEL] boundary: -760 bytes (bma=130 phl=100)
21-05:41:42.709 [VRB] [HEAP-TEL] inbound: -1040 bytes (heap=109828 pin=673 bma=130 phl=102 lt=0 revr=0)
21-05:41:42.889 [VRB] [HEAP-TEL] jobs: 592 bytes (heap=111228)
21-05:41:43.528 [VRB] [HEAP-TEL] boundary: -756 bytes (bma=130 phl=100)
21-05:41:43.532 [VRB] [HEAP-TEL] inbound: -1172 bytes (heap=109704 pin=674 bma=130 phl=102 lt=0 revr=0)
21-05:41:43.650 [VRB] [HEAP-TEL] jobs: 572 bytes (heap=111084)
21-05:41:44.239 [VRB] [HEAP-TEL] boundary: -784 bytes (bma=130 phl=100)
21-05:41:44.244 [VRB] [HEAP-TEL] inbound: -1056 bytes (heap=109676 pin=675 bma=130 phl=102 lt=0 revr=0)
21-05:41:44.418 [VRB] [HEAP-TEL] jobs: 572 bytes (heap=111056)
21-05:41:44.685 [VRB] [HEAP-TEL] boundary: -752 bytes (bma=130 phl=100)
21-05:41:44.690 [VRB] [HEAP-TEL] inbound: -1168 bytes (heap=109536 pin=676 bma=130 phl=102 lt=0 revr=0)
21-05:41:44.695 [VRB] [HEAP-TEL] boundary: -760 bytes (bma=132 phl=102)
21-05:41:44.700 [VRB] [HEAP-TEL] inbound: -1048 bytes (heap=108944 pin=677 bma=132 phl=104 lt=0 revr=0)
21-05:41:44.702 [VRB] [HEAP-TEL] jobs: 1136 bytes (heap=110888)
21-05:41:45.572 [VRB] [HEAP-TEL] boundary: -748 bytes (bma=130 phl=100)
21-05:41:45.576 [VRB] [HEAP-TEL] inbound: -1036 bytes (heap=109500 pin=678 bma=130 phl=102 lt=0 revr=0)
21-05:41:45.614 [VRB] [HEAP-TEL] boundary: -752 bytes (bma=132 phl=102)
21-05:41:45.618 [VRB] [HEAP-TEL] inbound: -1032 bytes (heap=108924 pin=679 bma=132 phl=104 lt=0 revr=0)
21-05:41:45.676 [VRB] [HEAP-TEL] boundary: -752 bytes (bma=134 phl=104)
21-05:41:45.682 [VRB] [HEAP-TEL] inbound: -1048 bytes (heap=108332 pin=680 bma=134 phl=106 lt=0 revr=0)
21-05:41:45.716 [VRB] [HEAP-TEL] jobs: 1748 bytes (heap=110888)
21-05:41:45.892 [VRB] [HEAP-TEL] boundary: -748 bytes (bma=130 phl=100)
21-05:41:45.896 [VRB] [HEAP-TEL] inbound: -1016 bytes (heap=109520 pin=681 bma=130 phl=102 lt=0 revr=0)
21-05:41:45.968 [VRB] [HEAP-TEL] jobs: 568 bytes (heap=110900)
21-05:41:45.989 [VRB] [HEAP-TEL] boundary: -748 bytes (bma=130 phl=100)
21-05:41:45.994 [VRB] [HEAP-TEL] inbound: -896 bytes (heap=109164 pin=682 bma=130 phl=102 lt=0 revr=0)
21-05:41:46.498 [VRB] [HEAP-TEL] boundary: -760 bytes (bma=132 phl=102)
21-05:41:46.502 [VRB] [HEAP-TEL] inbound: -1028 bytes (heap=108800 pin=685 bma=132 phl=104 lt=0 revr=0)
21-05:41:46.749 [VRB] [HEAP-TEL] jobs: 1160 bytes (heap=110768)
21-05:41:47.213 [VRB] [HEAP-TEL] boundary: -748 bytes (bma=130 phl=100)
21-05:41:47.218 [VRB] [HEAP-TEL] inbound: -812 bytes (heap=109396 pin=686 bma=130 phl=102 lt=0 revr=0)
21-05:41:47.223 [VRB] [HEAP-TEL] boundary: -756 bytes (bma=132 phl=102)
21-05:41:47.228 [VRB] [HEAP-TEL] inbound: -1052 bytes (heap=108800 pin=687 bma=132 phl=104 lt=0 revr=0)
21-05:41:47.266 [VRB] [HEAP-TEL] jobs: 1192 bytes (heap=110660)
21-05:41:47.445 [VRB] [HEAP-TEL] boundary: -756 bytes (bma=130 phl=100)
21-05:41:47.449 [VRB] [HEAP-TEL] inbound: -1188 bytes (heap=109260 pin=689 bma=130 phl=102 lt=0 revr=0)
21-05:41:47.518 [VRB] [HEAP-TEL] jobs: 580 bytes (heap=110648)
21-05:41:48.359 [VRB] [HEAP-TEL] boundary: -768 bytes (bma=130 phl=100)
21-05:41:48.363 [VRB] [HEAP-TEL] inbound: -1056 bytes (heap=109448 pin=691 bma=130 phl=102 lt=0 revr=0)
21-05:41:48.550 [VRB] [HEAP-TEL] jobs: 600 bytes (heap=110652)
21-05:41:49.567 [VRB] [HEAP-TEL] boundary: -772 bytes (bma=130 phl=100)
21-05:41:49.571 [VRB] [HEAP-TEL] inbound: -1056 bytes (heap=109452 pin=692 bma=130 phl=102 lt=0 revr=0)
21-05:41:49.584 [VRB] [HEAP-TEL] jobs: 588 bytes (heap=110644)
21-05:41:50.197 [VRB] [HEAP-TEL] boundary: -764 bytes (bma=130 phl=100)
21-05:41:50.201 [VRB] [HEAP-TEL] inbound: -1204 bytes (heap=109088 pin=693 bma=130 phl=102 lt=0 revr=0)
21-05:41:50.206 [VRB] [HEAP-TEL] boundary: -820 bytes (bma=132 phl=102)
21-05:41:50.211 [VRB] [HEAP-TEL] inbound: -1272 bytes (heap=108276 pin=694 bma=132 phl=104 lt=0 revr=0)
21-05:41:50.367 [VRB] [HEAP-TEL] jobs: 1164 bytes (heap=110268)
21-05:41:50.911 [VRB] [HEAP-TEL] boundary: -760 bytes (bma=130 phl=100)
21-05:41:50.916 [VRB] [HEAP-TEL] inbound: -1040 bytes (heap=108876 pin=696 bma=130 phl=102 lt=0 revr=0)
21-05:41:50.942 [VRB] [HEAP-TEL] boundary: -776 bytes (bma=132 phl=102)
21-05:41:50.946 [VRB] [HEAP-TEL] inbound: -1048 bytes (heap=108492 pin=697 bma=132 phl=104 lt=0 revr=0)
21-05:41:51.105 [VRB] [HEAP-TEL] boundary: -764 bytes (bma=134 phl=104)
21-05:41:51.111 [VRB] [HEAP-TEL] inbound: -1032 bytes (heap=107504 pin=698 bma=134 phl=106 lt=0 revr=0)
21-05:41:51.134 [VRB] [HEAP-TEL] jobs: 1820 bytes (heap=110344)
21-05:41:51.306 [VRB] [HEAP-TEL] boundary: -752 bytes (bma=130 phl=100)
21-05:41:51.312 [VRB] [HEAP-TEL] inbound: -836 bytes (heap=108948 pin=699 bma=130 phl=102 lt=0 revr=0)
21-05:41:51.316 [VRB] [HEAP-TEL] boundary: -796 bytes (bma=132 phl=102)
21-05:41:51.321 [VRB] [HEAP-TEL] inbound: -1068 bytes (heap=108336 pin=700 bma=132 phl=104 lt=0 revr=0)
21-05:41:51.347 [VRB] [HEAP-TEL] boundary: -780 bytes (bma=134 phl=104)
21-05:41:51.351 [VRB] [HEAP-TEL] inbound: -1052 bytes (heap=107740 pin=701 bma=134 phl=106 lt=0 revr=0)
21-05:41:51.399 [VRB] [HEAP-TEL] jobs: 1768 bytes (heap=110176)
21-05:41:51.445 [VRB] [HEAP-TEL] boundary: -752 bytes (bma=130 phl=100)
21-05:41:51.449 [VRB] [HEAP-TEL] inbound: -1040 bytes (heap=108932 pin=702 bma=130 phl=102 lt=0 revr=0)
21-05:41:51.651 [VRB] [HEAP-TEL] jobs: 580 bytes (heap=110320)
21-05:41:51.748 [VRB] [HEAP-TEL] boundary: -752 bytes (bma=130 phl=100)
21-05:41:51.752 [VRB] [HEAP-TEL] inbound: -1192 bytes (heap=108776 pin=703 bma=130 phl=102 lt=0 revr=0)
21-05:41:51.782 [VRB] [HEAP-TEL] boundary: -432 bytes (bma=132 phl=102)
21-05:41:51.787 [VRB] [HEAP-TEL] inbound: -876 bytes (heap=108000 pin=704 bma=132 phl=104 lt=0 revr=0)
21-05:41:51.918 [VRB] [HEAP-TEL] jobs: 1296 bytes (heap=109956)
21-05:41:51.928 [VRB] [HEAP-TEL] boundary: -776 bytes (bma=130 phl=100)
21-05:41:51.932 [VRB] [HEAP-TEL] inbound: -1052 bytes (heap=108552 pin=705 bma=130 phl=102 lt=0 revr=0)
21-05:41:52.169 [VRB] [HEAP-TEL] jobs: 576 bytes (heap=109936)
21-05:41:54.172 [VRB] [HEAP-TEL] boundary: -788 bytes (bma=130 phl=100)
21-05:41:54.177 [VRB] [HEAP-TEL] inbound: -1220 bytes (heap=108572 pin=706 bma=130 phl=102 lt=0 revr=0)
21-05:41:54.234 [VRB] [HEAP-TEL] jobs: 564 bytes (heap=109736)
21-05:41:54.378 [VRB] [HEAP-TEL] boundary: -752 bytes (bma=130 phl=100)
21-05:41:54.382 [VRB] [HEAP-TEL] inbound: -1188 bytes (heap=108404 pin=707 bma=130 phl=102 lt=0 revr=0)
21-05:41:54.500 [VRB] [HEAP-TEL] jobs: 564 bytes (heap=109420)
21-05:41:54.684 [VRB] [HEAP-TEL] boundary: -748 bytes (bma=130 phl=100)
21-05:41:54.688 [VRB] [HEAP-TEL] inbound: -1020 bytes (heap=108196 pin=708 bma=130 phl=102 lt=0 revr=0)
21-05:41:54.718 [VRB] [HEAP-TEL] boundary: -756 bytes (bma=132 phl=102)
21-05:41:54.723 [VRB] [HEAP-TEL] inbound: -1024 bytes (heap=107628 pin=709 bma=132 phl=104 lt=0 revr=0)
21-05:41:54.752 [VRB] [HEAP-TEL] jobs: 1148 bytes (heap=109588)
21-05:41:55.503 [VRB] [HEAP-TEL] boundary: -772 bytes (bma=130 phl=100)
21-05:41:55.507 [VRB] [HEAP-TEL] inbound: -1060 bytes (heap=108384 pin=710 bma=130 phl=102 lt=0 revr=0)
21-05:41:55.541 [VRB] [HEAP-TEL] jobs: 580 bytes (heap=109580)
21-05:41:55.612 [VRB] [HEAP-TEL] boundary: -752 bytes (bma=130 phl=100)
21-05:41:55.616 [VRB] [HEAP-TEL] inbound: -1028 bytes (heap=108200 pin=711 bma=130 phl=102 lt=0 revr=0)
21-05:41:55.793 [VRB] [HEAP-TEL] jobs: 596 bytes (heap=109608)
21-05:41:56.322 [VRB] [HEAP-TEL] boundary: -768 bytes (bma=130 phl=100)
21-05:41:56.326 [VRB] [HEAP-TEL] inbound: -1228 bytes (heap=108236 pin=712 bma=130 phl=102 lt=0 revr=0)
21-05:41:56.573 [VRB] [HEAP-TEL] jobs: 592 bytes (heap=109440)
21-05:41:56.629 [VRB] [HEAP-TEL] boundary: -772 bytes (bma=130 phl=100)
21-05:41:56.633 [VRB] [HEAP-TEL] inbound: -1216 bytes (heap=107864 pin=713 bma=130 phl=102 lt=0 revr=0)
21-05:41:56.825 [VRB] [HEAP-TEL] jobs: 596 bytes (heap=109280)
21-05:41:57.451 [VRB] [HEAP-TEL] boundary: -768 bytes (bma=130 phl=100)
21-05:41:57.456 [VRB] [HEAP-TEL] inbound: -1036 bytes (heap=107884 pin=714 bma=130 phl=102 lt=0 revr=0)
21-05:41:57.460 [VRB] [HEAP-TEL] boundary: -772 bytes (bma=132 phl=102)
21-05:41:57.465 [VRB] [HEAP-TEL] inbound: -1040 bytes (heap=107304 pin=715 bma=132 phl=104 lt=0 revr=0)
21-05:41:57.606 [VRB] [HEAP-TEL] jobs: 1164 bytes (heap=109284)
21-05:41:59.296 [VRB] [HEAP-TEL] boundary: -756 bytes (bma=130 phl=100)
21-05:41:59.301 [VRB] [HEAP-TEL] inbound: -1192 bytes (heap=107948 pin=716 bma=130 phl=102 lt=0 revr=0)
21-05:41:59.397 [VRB] [HEAP-TEL] boundary: -776 bytes (bma=132 phl=102)
21-05:41:59.402 [VRB] [HEAP-TEL] inbound: -1196 bytes (heap=106988 pin=717 bma=132 phl=104 lt=0 revr=0)
21-05:41:59.406 [VRB] [HEAP-TEL] jobs: 1176 bytes (heap=109000)
21-05:41:59.600 [VRB] [HEAP-TEL] boundary: -752 bytes (bma=130 phl=100)
21-05:41:59.605 [VRB] [HEAP-TEL] inbound: -1020 bytes (heap=107628 pin=718 bma=130 phl=102 lt=0 revr=0)
21-05:41:59.679 [VRB] [HEAP-TEL] jobs: 588 bytes (heap=109024)
21-05:42:00.214 [VRB] [HEAP-TEL] boundary: -768 bytes (bma=130 phl=100)
21-05:42:00.219 [VRB] [HEAP-TEL] inbound: -1192 bytes (heap=107480 pin=719 bma=130 phl=102 lt=0 revr=0)
21-05:42:00.447 [VRB] [HEAP-TEL] jobs: 564 bytes (heap=108856)
21-05:42:00.542 [VRB] [HEAP-TEL] boundary: -752 bytes (bma=130 phl=100)
21-05:42:00.546 [VRB] [HEAP-TEL] inbound: -1024 bytes (heap=107480 pin=721 bma=130 phl=102 lt=0 revr=0)
21-05:42:00.627 [VRB] [HEAP-TEL] boundary: -764 bytes (bma=132 phl=102)
21-05:42:00.633 [VRB] [HEAP-TEL] inbound: -1192 bytes (heap=106748 pin=722 bma=132 phl=104 lt=0 revr=0)
21-05:42:00.713 [VRB] [HEAP-TEL] jobs: 1136 bytes (heap=108348)
21-05:42:01.444 [VRB] [HEAP-TEL] boundary: -756 bytes (bma=130 phl=100)
21-05:42:01.448 [VRB] [HEAP-TEL] inbound: -1032 bytes (heap=107312 pin=723 bma=130 phl=102 lt=0 revr=0)
21-05:42:01.481 [VRB] [HEAP-TEL] jobs: 584 bytes (heap=108708)
21-05:42:01.963 [VRB] [HEAP-TEL] boundary: -764 bytes (bma=130 phl=100)
21-05:42:01.968 [VRB] [HEAP-TEL] inbound: -1200 bytes (heap=107364 pin=724 bma=130 phl=102 lt=0 revr=0)
21-05:42:01.997 [VRB] [HEAP-TEL] jobs: 572 bytes (heap=108540)
21-05:42:02.160 [VRB] [HEAP-TEL] boundary: -764 bytes (bma=130 phl=100)
21-05:42:02.165 [VRB] [HEAP-TEL] inbound: -1196 bytes (heap=106992 pin=725 bma=130 phl=102 lt=0 revr=0)
21-05:42:02.262 [VRB] [HEAP-TEL] jobs: 588 bytes (heap=108392)
21-05:42:02.980 [VRB] [HEAP-TEL] boundary: -756 bytes (bma=130 phl=100)
21-05:42:02.985 [VRB] [HEAP-TEL] inbound: -1184 bytes (heap=106856 pin=726 bma=130 phl=102 lt=0 revr=0)
21-05:42:03.029 [VRB] [HEAP-TEL] jobs: 560 bytes (heap=108228)
